episode,ep_reward,ep_collisions,ep_steps,critic_loss,actor_loss,noise_scale,elapsed_s,ep_reached,q_mean
1,80.90973233990371,0,86,0.0,0.0,1.0,0.02,4,0.0
2,14.677720099221915,0,100,0.0,0.0,1.0,0.03,1,0.0
3,59.2216794132255,0,100,0.0,0.0,1.0,0.05,3,0.0
4,1.258770601823926,2,29,0.0,0.0,1.0,0.05,0,0.0
5,23.947379110381007,0,100,0.0,0.0,1.0,0.06,2,0.0
6,30.38971185637638,0,100,0.0,0.0,1.0,0.08,2,0.0
7,33.14410438388586,0,100,0.0,0.0,1.0,0.11,2,0.0
8,58.003334728535265,0,100,0.0,0.0,1.0,0.11,3,0.0
9,24.562998562585562,0,100,0.0,0.0,1.0,0.13,2,0.0
10,-0.6258872882463038,2,25,0.0,0.0,1.0,0.14,0,0.0
11,-0.5506806191988289,2,14,0.0,0.0,1.0,0.15,0,0.0
12,83.64076913008466,0,68,0.0,0.0,1.0,0.16,4,0.0
13,32.72988875210285,0,100,0.0,0.0,1.0,0.18,2,0.0
14,26.79868490761146,0,100,0.0,0.0,1.0,0.2,2,0.0
15,49.71062539238483,0,100,0.0,0.0,1.0,0.22,3,0.0
16,56.442638132721186,0,100,0.0,0.0,1.0,0.22,3,0.0
17,5.716715490445495,2,14,0.0,0.0,1.0,0.22,0,0.0
18,-0.04737395653501153,2,13,0.0,0.0,1.0,0.24,0,0.0
19,35.071353832725435,0,100,0.0,0.0,1.0,0.25,2,0.0
20,9.1009830548428,0,100,0.0,0.0,1.0,0.27,1,0.0
21,-0.22138731740415096,2,100,0.2544468351462412,-0.024126261029215085,1.0,0.67,1,0.449
22,82.28039061557502,0,84,0.17663387690415003,-0.05567804878761231,1.0,2.1,4,1.474
23,87.50607397407293,0,19,0.18342607999996594,-0.09170256917675336,1.0,2.57,4,0.689
24,85.58218948543072,0,18,0.16845033408349586,-0.1306441645655367,1.0,3.02,4,1.648
25,86.8895133882761,0,19,0.1921924555208534,-0.15589395839057557,1.0,3.62,4,1.389
26,87.09206664562225,0,19,0.15121738250820418,-0.17351628779559522,1.0,4.14,4,1.606
27,86.79024651646614,0,19,0.19989994842214637,-0.23464969065907884,1.0,4.77,4,2.453
28,85.92836874723434,0,18,0.17441009424833787,-0.2641308373875088,1.0,5.38,4,3.62
29,86.77208326756954,0,19,0.161752683365692,-0.31563736028867223,1.0,5.93,4,2.842
30,86.50814917683601,0,19,0.14242053156948253,-0.36122861627030045,1.0,6.71,4,3.76
31,86.84305135905743,0,19,0.10449298358305473,-0.3770255679137086,1.0,7.42,4,4.86
32,86.09082525968552,0,18,0.12339137268200931,-0.4835190325975418,1.0,8.09,4,2.575
33,8.348874509334564,2,10,0.09696970712393523,-0.49660648629069326,1.0,8.46,0,3.614
34,86.04618808627129,0,18,0.08694717230456364,-0.5439493552678161,1.0,9.22,4,4.171
35,85.81181967258453,0,18,0.07697899988852441,-0.6011764895584848,1.0,10.03,4,4.523
36,87.63770443201065,0,19,0.0681207214978834,-0.6387162168820699,1.0,10.76,4,6.759
37,85.67561596632004,0,18,0.0618906371981009,-0.7306772685713239,1.0,11.48,4,6.089
38,85.81763078272343,0,18,0.057964757663689345,-0.7486833391918076,1.0,12.13,4,7.114
39,86.02357585728168,0,18,0.052748518659629755,-0.789400726556778,1.0,12.86,4,5.504
40,87.19003550708294,0,19,0.050365801894332506,-0.8764949344299935,1.0,13.58,4,8.22
41,86.816949442029,0,19,0.05159132259145175,-0.9546478153908089,1.0,14.22,4,6.723
42,85.91830161213875,0,18,0.052156109873774566,-1.0152471231089697,1.0,14.8,4,9.982
43,86.04807606339455,0,18,0.04510320112523106,-1.0569973488648732,1.0,15.38,4,9.417
44,86.16898401081562,0,18,0.044267407275684595,-1.1277479529380798,1.0,15.99,4,10.162
45,86.42247648537159,0,19,0.04303307768136059,-1.1677228375656965,1.0,16.58,4,13.09
46,85.93168276548386,0,18,0.04450174809769831,-1.189227831032541,1.0,17.09,4,9.332
47,86.7942114174366,0,19,0.04139653337507011,-1.2558656751293025,1.0,17.76,4,11.809
48,85.77606226503849,0,18,0.0557877310913884,-1.3531698220305972,1.0,18.29,4,9.488
49,86.63845413923264,0,19,0.05133028377536429,-1.4741898464829954,1.0,18.73,4,12.94
50,85.90526087582111,0,18,0.05147570277848798,-1.5340714951356251,1.0,19.27,4,14.254
51,86.08505319058895,0,18,0.05562705251698693,-1.538126031557719,0.9983333333333333,20.0,4,13.423
52,87.33437275886536,0,19,0.06353305840260677,-1.6255773466986578,0.9966666666666667,20.74,4,15.177
53,86.98211352527142,0,19,0.06002913508564234,-1.732614465661951,0.995,21.4,4,17.336
54,86.71074099838734,0,19,0.05744332182284904,-1.7780361763418537,0.9933333333333333,21.92,4,17.693
55,86.10844911634922,0,18,0.05047019343085898,-1.8692225300603442,0.9916666666666667,22.55,4,14.882
56,86.24713659286499,0,18,0.06312279148389482,-1.9910765671067767,0.99,23.08,4,15.622
57,86.72726978361607,0,19,0.04700249806046486,-2.0025936107377746,0.9883333333333333,23.5,4,18.402
58,85.98032055795193,0,18,0.0672110269467036,-2.070616947280036,0.9866666666666667,24.09,4,16.494
59,85.91686399281025,0,18,0.07234868643960606,-2.197053763601515,0.985,24.6,4,19.732
60,87.18906851112843,0,19,0.06490068301256444,-2.2410969412004627,0.9833333333333333,25.08,4,16.652
61,86.59815810620785,0,19,0.04919656373764554,-2.2831329711496013,0.9816666666666667,25.7,4,21.119
62,87.19244933128357,0,19,0.06380187976803328,-2.3751419009389103,0.98,26.25,4,20.834
63,86.41641099750996,0,19,0.06206696979344299,-2.4667387792508895,0.9783333333333333,26.89,4,20.8
64,86.16571836173534,0,18,0.053754432967657015,-2.5731249252955117,0.9766666666666667,27.58,4,24.201
65,85.94918166100979,0,18,0.07139706619394322,-2.608616315656238,0.975,28.22,4,21.993
66,86.05176438391209,0,18,0.0632269222729115,-2.685087455643548,0.9733333333333334,28.76,4,26.612
67,85.79420465230942,0,18,0.07865766496656255,-2.709917578432295,0.9716666666666667,29.28,4,23.775
68,86.90881608426571,0,19,0.06424876632270952,-2.8825951896301687,0.97,29.79,4,27.372
69,86.31824159622192,0,18,0.05455701445074131,-2.85677562157313,0.9683333333333334,30.31,4,24.869
70,86.28476083278656,0,18,0.07369173863359417,-2.9005863534079657,0.9666666666666667,30.84,4,29.747
71,87.33980251848698,0,19,0.0742119248213901,-3.04491485776128,0.965,31.4,4,27.986
72,86.70723985135555,0,19,0.06621558746093348,-3.114930864882796,0.9633333333333334,31.9,4,29.236
73,86.2510005235672,0,19,0.07625166423082964,-3.2090187072753906,0.9616666666666667,32.43,4,29.844
74,85.75666399300098,0,18,0.08112949470523745,-3.2408586078219943,0.96,32.94,4,27.42
75,87.12590289115906,0,19,0.06073510442306665,-3.312933283883172,0.9583333333333334,33.42,4,32.581
76,86.77174338698387,0,19,0.07125929537012357,-3.3295870153871303,0.9566666666666667,33.99,4,33.029
77,85.79183627665043,0,18,0.04794603132177144,-3.4247199296951294,0.955,34.56,4,32.488
78,86.10681939870119,0,19,0.07749409796287345,-3.520510307730061,0.9533333333333334,35.24,4,30.29
79,85.86699219048023,0,18,0.08153822770368101,-3.577559875117408,0.9516666666666667,35.81,4,34.733
80,86.77111260592937,0,19,0.07700991834041802,-3.610710085254826,0.95,36.44,4,34.912
81,86.39073424041271,0,19,0.08200755279689823,-3.6699132919311523,0.9483333333333334,37.13,4,37.195
82,85.54946994781494,0,18,0.066571530006412,-3.7871117856767444,0.9466666666666667,37.79,4,32.575
83,86.27973166108131,0,18,0.07732971572355989,-3.829091144932641,0.945,38.46,4,35.16
84,87.05766201019287,0,19,0.05713198121913986,-3.848882836264533,0.9433333333333334,39.11,4,36.308
85,86.07502661645412,0,18,0.12239786983183068,-3.9271276593208313,0.9416666666666667,39.77,4,35.203
86,87.36388935148716,0,19,0.08471917528407397,-3.9954147983241723,0.94,40.46,4,40.663
87,87.12388689815998,0,19,0.09807837389510225,-4.071992713051873,0.9383333333333334,41.04,4,44.207
88,86.40659023821354,0,19,0.08021248424782941,-4.135348731524323,0.9366666666666666,41.68,4,41.563
89,86.22213697433472,0,19,0.06776111825318956,-4.1301038651852995,0.935,42.34,4,35.944
90,86.1788535118103,0,18,0.052428489027079195,-4.19508891635471,0.9333333333333333,42.93,4,40.328
91,86.31350074708462,0,19,0.0812018304227609,-4.291099378507432,0.9316666666666666,43.5,4,40.798
92,85.86626543104649,0,18,0.09523940034301227,-4.356521043512556,0.9299999999999999,44.06,4,45.658
93,87.35527068376541,0,19,0.06807601526127877,-4.454796391564447,0.9283333333333333,44.59,4,43.205
94,86.2136849462986,0,18,0.06708287518833661,-4.424456861284044,0.9266666666666666,45.19,4,47.116
95,85.94765536487103,0,18,0.05948033067397773,-4.463726308610704,0.925,45.83,4,42.449
96,85.95375655591488,0,18,0.05936754880369537,-4.598408937454224,0.9233333333333333,46.36,4,40.203
97,86.06009259819984,0,18,0.06869588967917177,-4.6308548715379505,0.9216666666666666,47.0,4,41.035
98,86.80551506578922,0,19,0.058612722492049615,-4.65572044947376,0.92,47.61,4,43.648
99,86.17723506689072,0,19,0.06791512261795467,-4.706933648618933,0.9183333333333333,48.18,4,44.222
100,86.27472221851349,0,18,0.0872641919607607,-4.784340315394932,0.9166666666666666,48.77,4,45.666
101,86.06188920140266,0,18,0.07729670080718481,-4.837138361401028,0.915,49.43,4,47.427
102,86.69821421802044,0,19,0.08446737033736011,-4.962877574032301,0.9133333333333333,50.06,4,48.892
103,85.95083397626877,0,18,0.1000945311000881,-4.955939292907715,0.9116666666666666,50.69,4,49.942
104,85.9121340662241,0,18,0.10181412239196813,-4.997716281149122,0.91,51.24,4,50.845
105,86.05434858798981,0,18,0.07892147102069834,-5.090784973568386,0.9083333333333333,51.81,4,48.937
106,86.51664887368679,0,19,0.10587911973771168,-5.109929790235546,0.9066666666666667,52.41,4,50.674
107,85.91920042037964,0,18,0.09552554788145547,-5.152457038561503,0.905,52.94,4,50.107
108,86.1292419731617,0,18,0.09921471306653176,-5.245051489935981,0.9033333333333333,53.39,4,51.102
109,86.63853320479393,0,19,0.0691732076979051,-5.280086994171143,0.9016666666666666,53.85,4,51.95
110,8.480327934026718,2,10,0.06048314057698008,-5.305414354801178,0.9,54.12,0,51.621
111,85.95004504919052,0,18,0.12353860472083195,-5.3520453506045875,0.8983333333333333,54.66,4,54.305
112,86.0803307890892,0,18,0.214915128178998,-5.375583635436164,0.8966666666666667,55.17,4,52.655
113,85.9108523875475,0,18,0.1772535322751436,-5.557238737742106,0.895,55.74,4,52.16
114,86.0864478200674,0,18,0.08912779190965618,-5.515880783398946,0.8933333333333333,56.24,4,54.84
115,86.68585439026356,0,19,0.08101685850383485,-5.567235202005465,0.8916666666666667,56.68,4,54.808
116,85.77672438323498,0,18,0.12559022813285184,-5.620619111590916,0.89,57.19,4,55.721
117,86.98774945735931,0,19,0.0966354753173938,-5.696376517012313,0.8883333333333333,57.76,4,55.509
118,86.01824042201042,0,18,0.12912535739208883,-5.733499566713969,0.8866666666666667,58.29,4,53.727
119,86.4132376909256,0,19,0.06468472454524662,-5.798397011952858,0.885,58.89,4,55.233
120,85.91684618592262,0,18,0.11249124576635142,-5.836743606461419,0.8833333333333333,59.42,4,55.578
121,86.11707855761051,0,18,0.11200787473353557,-5.902025600274404,0.8816666666666667,60.01,4,59.387
122,86.78674148023129,0,19,0.10247230343201695,-5.938475184244652,0.88,60.47,4,60.536
123,86.72532480955124,0,19,0.07016467012796704,-5.994977330508298,0.8783333333333333,60.95,4,55.109
124,86.67300383746624,0,19,0.07652211385102917,-5.987257990118575,0.8766666666666667,61.38,4,57.64
125,86.92949941754341,0,19,0.09459835537898077,-6.0452200786487476,0.875,61.86,4,61.824
126,86.58441722393036,0,19,0.10848365211859345,-6.096550458098111,0.8733333333333333,62.38,4,59.39
127,86.0307057350874,0,18,0.1438334263382583,-6.161458134651184,0.8716666666666667,62.85,4,59.864
128,86.07981123030186,0,18,0.1402623953634045,-6.176547209421794,0.87,63.33,4,62.633
129,86.13809683918953,0,18,0.11088576781912707,-6.245429091983372,0.8683333333333334,63.78,4,62.755
130,85.67665511369705,0,18,0.06122766464573538,-6.27990448474884,0.8666666666666667,64.18,4,58.971
131,86.07799004018307,0,18,0.12740059871834497,-6.329261289702521,0.865,64.63,4,62.13
132,86.4985300898552,0,19,0.10886560921710342,-6.32152860458583,0.8633333333333333,65.09,4,60.498
133,86.18065664172173,0,18,0.11622609890764579,-6.401711185773213,0.8616666666666667,65.6,4,63.746
134,86.30487596988678,0,18,0.10239934581073208,-6.426543712615967,0.86,66.23,4,61.029
135,86.99529126286507,0,19,0.16971409352609534,-6.421371202211122,0.8583333333333334,66.81,4,62.731
136,8.435130447149277,2,10,0.08956810669624246,-6.4265709400177,0.8566666666666667,67.16,0,62.031
137,86.56915816664696,0,19,0.14187419801401868,-6.481904029846191,0.855,67.71,4,64.601
138,85.8830909281969,0,18,0.12860913963716789,-6.483476453357273,0.8533333333333333,68.32,4,63.428
139,65.75360966240987,0,100,0.10454655401771526,-6.537409091924692,0.8516666666666667,69.78,3,64.038
140,44.97045978438109,0,100,0.15263932691078033,-6.625201467740333,0.85,71.84,2,62.925
141,46.82956610200927,0,100,0.1316272184677951,-6.709686661170701,0.8483333333333334,73.7,2,66.192
142,45.57451796764508,0,100,0.11743823049187471,-6.792401774454925,0.8466666666666667,75.52,2,66.702
143,46.9701261096634,0,100,0.12362455693417414,-6.8300589267714615,0.845,77.35,2,64.981
144,45.804835537448525,0,100,0.12354765729771501,-6.8554732759120105,0.8433333333333333,78.92,2,64.241
145,8.390186592936516,2,11,0.19517459401818502,-6.8841213963248515,0.8416666666666667,79.24,0,66.963
146,46.705450277775526,0,100,0.12959458670217372,-6.8968309289795435,0.84,81.21,2,67.18
147,7.087365888059139,2,10,0.11085862137260846,-6.914217305183411,0.8383333333333334,81.5,0,69.387
148,7.591175306588411,2,11,0.1697944883251859,-6.873408230868253,0.8366666666666667,81.77,0,67.123
149,8.816020630300045,2,13,0.15197695954702795,-6.901728694255535,0.835,82.03,0,67.638
150,7.533565746620297,2,11,0.14860826700566,-6.8984802311117,0.8333333333333334,82.29,0,69.034
151,7.521498752757907,2,11,0.22732243456200443,-6.878829197450117,0.8316666666666667,82.64,0,68.345
152,8.820122605189681,2,13,0.21474195624110648,-6.892347427514883,0.8300000000000001,83.0,0,67.427
153,7.824529103934765,2,10,0.18124457530793733,-6.956486558914184,0.8283333333333334,83.23,0,68.771
154,7.789789788424969,2,10,0.1853163436462637,-6.91022379398346,0.8266666666666667,83.47,0,66.762
155,7.7813903242349625,2,10,0.2784205374773592,-6.907990324497223,0.825,83.79,0,68.419
156,50.22634941898286,0,100,0.2576804513378273,-6.888072780501295,0.8233333333333334,85.87,2,65.907
157,7.6863575130701065,2,10,0.29800032363273204,-6.88034987449646,0.8216666666666667,86.21,0,66.745
158,0.520315408706665,4,10,0.35414863359183074,-6.842721748352051,0.8200000000000001,86.61,0,64.62
159,7.93207423388958,2,10,0.33988761239452286,-6.894423651695251,0.8183333333333334,86.98,0,67.957
160,7.920799151062965,2,10,0.30597137003205715,-6.858961176872254,0.8166666666666667,87.32,0,66.227
161,7.814177557826042,2,10,0.27371420614072123,-6.830448484420776,0.815,87.63,0,68.287
162,9.015977278351784,2,11,0.2742584041605534,-6.808484055779197,0.8133333333333334,87.97,0,67.127
163,64.61415803385898,0,100,0.2981631047808307,-6.8425082908327886,0.8116666666666666,89.38,3,66.822
164,9.226378560066223,2,11,0.21374419843248854,-6.821925455873663,0.81,89.65,0,68.349
165,8.345804005861282,2,10,0.352859718631953,-6.745643174648285,0.8083333333333333,89.96,0,66.687
166,0.6459051370620728,4,10,0.36803233703249133,-6.790102624893189,0.8066666666666666,90.21,0,67.846
167,85.63960753194988,0,45,0.3492197103836146,-6.773077956191054,0.8049999999999999,91.05,4,67.679
168,85.09744887053967,0,28,0.34113383855732404,-6.7752373994114885,0.8033333333333333,91.69,4,65.949
169,85.43974651023746,0,32,0.3431549896967822,-6.735316709540356,0.8016666666666667,92.21,4,65.754
170,85.8121829032898,0,23,0.34004819958817023,-6.714320525144919,0.8,92.75,4,66.741
171,86.03827568888664,0,22,0.29066354607225786,-6.700815727836208,0.7983333333333333,93.43,4,64.198
172,86.19834142923355,0,21,0.3208335441212464,-6.705484678870754,0.7966666666666666,94.28,4,67.953
173,86.10078865289688,0,19,0.30344167411365636,-6.736204088550725,0.795,94.81,4,65.701
174,85.87851601839066,0,18,0.342917973777124,-6.709901034832001,0.7933333333333333,95.3,4,66.167
175,86.16061680018902,0,19,0.2806674390808003,-6.694021473192189,0.7916666666666666,95.81,4,66.548
176,86.05061438679695,0,20,0.31815111477595026,-6.701702388557228,0.79,96.28,4,65.077
177,86.43858149647713,0,19,0.3321446480519738,-6.654816941039203,0.7883333333333333,96.92,4,67.431
178,85.75986583530903,0,18,0.2866892784917986,-6.706363651487562,0.7866666666666666,97.46,4,66.112
179,86.07324701547623,0,19,0.2112275071391096,-6.664501033417166,0.7849999999999999,98.12,4,67.467
180,86.04881048202515,0,18,0.30329366318700424,-6.658285180727641,0.7833333333333333,98.62,4,65.68
181,86.7958314716816,0,19,0.3261050545986844,-6.64249547540325,0.7816666666666667,99.26,4,67.152
182,86.29167914390564,0,18,0.30221659868645173,-6.642185601923201,0.78,100.02,4,65.596
183,86.17064717411995,0,18,0.30575837843288256,-6.660107387436761,0.7783333333333333,100.74,4,65.315
184,86.21621519327164,0,18,0.28616400373155354,-6.643597000175053,0.7766666666666666,101.28,4,64.749
185,85.97429484128952,0,18,0.34959826583831777,-6.638533824019962,0.775,101.88,4,65.6
186,85.32084026932716,0,18,0.24333681107964367,-6.617069953017765,0.7733333333333333,102.46,4,66.223
187,86.05138272047043,0,18,0.29057752450979835,-6.61008205016454,0.7716666666666667,102.98,4,65.935
188,85.91934333741665,0,18,0.2992397222357492,-6.582381109396617,0.77,103.55,4,64.682
189,85.79890817403793,0,18,0.34105051400385694,-6.586928678883447,0.7683333333333333,104.13,4,63.733
190,85.64908204972744,0,18,0.2731219046949668,-6.558254321416219,0.7666666666666666,104.75,4,64.621
191,85.91638350486755,0,18,0.30979433382162824,-6.586793091562059,0.765,105.36,4,65.715
192,86.86317721009254,0,19,0.3383338311176798,-6.5809097551319695,0.7633333333333334,105.98,4,66.04
193,85.98861944675446,0,18,0.3501528223536702,-6.543041401439243,0.7616666666666667,106.54,4,65.532
194,86.31824159622192,0,18,0.13863598515551226,-6.602457324663798,0.76,107.08,4,64.583
195,86.2387244105339,0,18,0.28211992814451353,-6.559495051701863,0.7583333333333333,107.55,4,64.265
196,86.71530902385712,0,19,0.292041770424949,-6.541111573781053,0.7566666666666667,108.07,4,64.776
197,85.94219321012497,0,18,0.2948906985952312,-6.548653940359752,0.755,108.58,4,64.45
198,86.10370643436909,0,19,0.24257303111586873,-6.542867477626016,0.7533333333333333,109.08,4,64.842
199,86.3186126947403,0,19,0.2069929556917935,-6.55920711935383,0.7516666666666667,109.62,4,64.813
200,85.68730749189854,0,18,0.24392022001201338,-6.570084240701464,0.75,110.24,4,65.301
201,85.98892889916897,0,18,0.296607338972131,-6.538047909736633,0.7483333333333333,110.83,4,65.874
202,86.04072567820549,0,18,0.2567632579205868,-6.547178222073449,0.7466666666666666,111.46,4,65.785
203,87.4118877351284,0,19,0.2939561623482134,-6.54098603532121,0.745,112.15,4,65.546
204,86.04111486673355,0,19,0.3354484722024621,-6.526655177547507,0.7433333333333334,112.76,4,65.369
205,85.48465728759766,0,18,0.33212734574206276,-6.539765172534519,0.7416666666666667,113.29,4,63.708
206,85.63683179020882,0,18,0.3192001777028458,-6.508241573969523,0.74,113.75,4,65.356
207,86.07291585206985,0,18,0.2524380444956478,-6.518802192476061,0.7383333333333333,114.26,4,64.53
208,86.62949167191982,0,19,0.30110467033626587,-6.511726359798484,0.7366666666666667,114.77,4,64.063
209,85.95680645108223,0,18,0.3024356527247518,-6.526332875092824,0.735,115.39,4,64.71
210,86.24224427342415,0,18,0.3882544061683196,-6.516195138295491,0.7333333333333334,115.92,4,64.761
211,85.96113242208958,0,18,0.2369106872809223,-6.522985047764248,0.7316666666666667,116.43,4,64.543
212,86.35036423802376,0,19,0.2639270424970413,-6.5023754459537875,0.73,117.03,4,63.699
213,85.85247248411179,0,18,0.25793683984213406,-6.534308446778192,0.7283333333333333,117.51,4,64.802
214,86.21221971511841,0,18,0.339771962161952,-6.523323721355862,0.7266666666666667,117.95,4,64.87
215,86.02579692006111,0,18,0.285917004945481,-6.504908283551534,0.7250000000000001,118.38,4,63.749
216,85.9119090884924,0,18,0.31677200633566827,-6.484496063656277,0.7233333333333334,118.88,4,64.246
217,87.37367616593838,0,19,0.2895594479553905,-6.4837371336447225,0.7216666666666667,119.44,4,63.926
218,86.31108701229095,0,18,0.23307027879895437,-6.528859217961629,0.72,119.89,4,65.082
219,86.78574104607105,0,19,0.20468010512588877,-6.497381791676561,0.7183333333333334,120.31,4,63.343
220,86.57186606526375,0,19,0.28295853196273313,-6.494808268873659,0.7166666666666667,120.74,4,62.514
221,86.00540018081665,0,18,0.251382409662862,-6.523341271612379,0.715,121.2,4,65.439
222,86.16562116146088,0,18,0.3739448882826966,-6.480699804094103,0.7133333333333334,121.61,4,63.871
223,87.28961808979511,0,19,0.2774068647067415,-6.506707178579794,0.7116666666666667,122.06,4,63.137
224,85.94784508645535,0,18,0.22109814383374113,-6.516857610808478,0.71,122.52,4,65.056
225,85.82177947461605,0,18,0.17283675636604634,-6.503355728255378,0.7083333333333333,123.03,4,65.767
226,86.07441022992134,0,18,0.2388659086751027,-6.5076444546381635,0.7066666666666667,123.56,4,65.092
227,86.71247673034668,0,19,0.23330988770682518,-6.49806215338511,0.7050000000000001,124.09,4,63.634
228,86.70555706322193,0,19,0.17523558353303537,-6.517592854695778,0.7033333333333334,124.6,4,64.931
229,86.26125776767731,0,18,0.21620087902798937,-6.494477762116326,0.7016666666666667,125.13,4,65.585
230,86.69522434473038,0,19,0.2363435482504229,-6.504049810644698,0.7,125.8,4,63.868
231,86.1327484101057,0,18,0.3370443028268508,-6.493880483839247,0.6983333333333334,126.34,4,65.007
232,86.03635647892952,0,18,0.29512478920514695,-6.523055699136522,0.6966666666666667,126.96,4,64.584
233,86.01087400317192,0,18,0.218270800144334,-6.51552113559511,0.6950000000000001,127.57,4,65.027
234,86.28325247764587,0,18,0.28315936198406333,-6.502166410287221,0.6933333333333334,128.2,4,64.649
235,86.17521783709526,0,18,0.2426655361357714,-6.518597384293874,0.6916666666666667,128.68,4,65.325
236,85.7871364057064,0,18,0.1569197095814161,-6.52995549970203,0.69,129.24,4,64.889
237,86.2830753326416,0,18,0.25630582346477443,-6.515687902768453,0.6883333333333334,129.84,4,63.231
238,86.83129653334618,0,19,0.21090274455969873,-6.525783852355121,0.6866666666666666,130.49,4,65.372
239,86.10931298136711,0,18,0.20935677862144075,-6.514083703358968,0.685,131.02,4,64.923
240,86.06160880625248,0,18,0.16497402985826032,-6.5353769063949585,0.6833333333333333,131.55,4,64.478
241,86.16590839624405,0,18,0.2640614563780319,-6.500858452585009,0.6816666666666666,132.23,4,63.905
242,87.3364115357399,0,19,0.21359149037979897,-6.524993999584301,0.6799999999999999,132.79,4,64.853
243,85.61489355564117,0,18,0.233945295751457,-6.511507166756524,0.6783333333333333,133.4,4,65.282
244,86.08599898219109,0,18,0.21015078230993822,-6.524898396597968,0.6766666666666666,134.02,4,65.932
245,86.31824159622192,0,18,0.21072800528620267,-6.5426331758499146,0.675,134.5,4,65.909
246,86.73978206515312,0,19,0.28173400083403677,-6.5216006906065225,0.6733333333333333,135.13,4,63.449
247,86.2322867512703,0,18,0.2637876187380041,-6.529921127690209,0.6716666666666666,135.61,4,64.208
248,85.7837685495615,0,18,0.18311046325834468,-6.527351644304064,0.6699999999999999,136.09,4,65.531
249,85.84601141512394,0,18,0.2522231708216067,-6.530144996113247,0.6683333333333333,136.62,4,63.323
250,86.06616190075874,0,18,0.12975203429070664,-6.55100335015191,0.6666666666666667,137.22,4,65.818
251,86.16757723689079,0,18,0.2840278621847069,-6.5380143655671015,0.665,137.81,4,64.813
252,86.20775565505028,0,18,0.2262255265603825,-6.542549497551388,0.6633333333333333,138.37,4,65.241
253,86.72387237846851,0,19,0.2369284127848478,-6.532583014605796,0.6616666666666666,138.98,4,64.143
254,86.65848989784718,0,19,0.30136025534649313,-6.542027205637057,0.66,139.49,4,64.679
255,86.40486161410809,0,19,0.214131111562992,-6.5270444987571405,0.6583333333333333,139.96,4,64.33
256,86.61920963227749,0,19,0.17903897724407788,-6.549660401801541,0.6566666666666667,140.47,4,64.686
257,87.23993676900864,0,19,0.2406738777267369,-6.512933312235652,0.655,141.04,4,64.876
258,85.8074127882719,0,18,0.22381335368522237,-6.551931904421912,0.6533333333333333,141.55,4,64.859
259,86.147292137146,0,18,0.19844209182257247,-6.538702547550201,0.6516666666666666,142.14,4,63.917
260,85.88221701979637,0,18,0.2039000306912284,-6.536279333962335,0.65,142.73,4,65.796
261,85.78078289330006,0,18,0.18998493925836454,-6.544591493076748,0.6483333333333333,143.28,4,64.269
262,86.45686280727386,0,19,0.15664930285866793,-6.568773230461225,0.6466666666666667,143.81,4,65.173
263,86.0885519683361,0,18,0.26272338721577804,-6.554097877608405,0.645,144.34,4,66.916
264,86.23959037661552,0,18,0.23471677684897763,-6.545952518781026,0.6433333333333333,144.87,4,64.348
265,85.71817897260189,0,18,0.27010701614199206,-6.5364048216078015,0.6416666666666666,145.34,4,65.113
266,86.2423286139965,0,19,0.20309413291118428,-6.538093998007579,0.64,145.92,4,64.87
267,86.14787778258324,0,18,0.24569615376660497,-6.536227888531155,0.6383333333333333,146.38,4,63.313
268,86.25455662608147,0,18,0.24937953608524469,-6.540513488981459,0.6366666666666667,146.97,4,65.279
269,85.9981455206871,0,18,0.24977918681300557,-6.537856022516887,0.635,147.42,4,64.043
270,86.1499271094799,0,18,0.2082964748519266,-6.562362697389391,0.6333333333333333,147.99,4,62.827
271,86.68490153551102,0,19,0.18932436934787117,-6.546870714997592,0.6316666666666666,148.55,4,65.775
272,86.16440096497536,0,18,0.19814942724769935,-6.558269513977899,0.63,149.05,4,63.925
273,86.51050318777561,0,19,0.16558251917770464,-6.565405427593074,0.6283333333333333,149.51,4,65.547
274,86.5671093761921,0,19,0.18553674418785393,-6.571406246864632,0.6266666666666667,149.99,4,64.942
275,85.95649072527885,0,18,0.24332029707794492,-6.55263430542416,0.625,150.37,4,65.011
276,85.88267207145691,0,18,0.26775388742357287,-6.5430748330222235,0.6233333333333333,150.84,4,64.751
277,86.09102566540241,0,18,0.17404623963456187,-6.567707604832119,0.6216666666666666,151.34,4,65.733
278,86.0221615433693,0,18,0.24078489042585716,-6.552897055943807,0.62,151.82,4,64.876
279,85.77965794503689,0,18,0.2920781282268258,-6.5398945808410645,0.6183333333333334,152.32,4,65.258
280,86.69052581489086,0,19,0.17917129919825964,-6.550046672559764,0.6166666666666667,152.8,4,65.966
281,85.60674308240414,0,18,0.22320303190240842,-6.558843791484833,0.615,153.27,4,65.504
282,86.17558544874191,0,18,0.15424835544480528,-6.564046283562978,0.6133333333333333,153.8,4,66.414
283,86.02673298120499,0,18,0.22197296444210224,-6.56020368470086,0.6116666666666667,154.32,4,64.618
284,87.1108297854662,0,19,0.2162848130195729,-6.5536459845465584,0.61,154.92,4,64.979
285,85.99246257543564,0,18,0.16357979264446637,-6.554982662200928,0.6083333333333333,155.4,4,65.105
286,86.60487775504589,0,19,0.18461107167141028,-6.556291828416798,0.6066666666666667,155.94,4,65.11
287,86.00042328238487,0,18,0.2241052419881776,-6.554236650466919,0.605,156.57,4,63.902
288,86.21175643801689,0,18,0.19930671335573102,-6.5819642543792725,0.6033333333333334,157.16,4,64.729
289,85.85726192593575,0,18,0.2632492491603544,-6.5637012587653265,0.6016666666666667,157.75,4,64.516
290,86.67208766937256,0,19,0.17510073660707023,-6.577536805035317,0.6,158.34,4,65.608
291,86.30098797380924,0,19,0.22768650059779622,-6.55644205171768,0.5983333333333334,158.94,4,63.149
292,86.1264009475708,0,18,0.25415768728513893,-6.571117189195421,0.5966666666666667,159.52,4,66.261
293,86.20156447589397,0,18,0.20810102276542844,-6.566797044542101,0.595,160.07,4,64.553
294,85.96668289601803,0,18,0.19309366873413739,-6.562296748161316,0.5933333333333333,160.61,4,65.011
295,85.53636193275452,0,18,0.2034705831546388,-6.560386697451274,0.5916666666666667,161.21,4,63.624
296,86.2226457297802,0,19,0.18776676504017964,-6.571263522317965,0.5900000000000001,161.7,4,65.85
297,86.02298431098461,0,18,0.16560253761902763,-6.568742063310411,0.5883333333333334,162.28,4,64.422
298,86.85642243921757,0,19,0.20554056768592652,-6.530268211887307,0.5866666666666667,162.91,4,64.609
299,85.74381922185421,0,18,0.14275233184485436,-6.583909458584255,0.585,163.46,4,64.647
300,86.10245171189308,0,18,0.229363313895495,-6.567052801450093,0.5833333333333333,164.01,4,64.676
301,86.84525075554848,0,19,0.1717510589905568,-6.550094552236061,0.5816666666666667,164.61,4,66.467
302,86.2243704199791,0,18,0.18745049539655964,-6.556299130121867,0.58,165.22,4,64.118
303,85.62166328728199,0,18,0.16798738644865807,-6.5889976024627686,0.5783333333333334,165.86,4,64.84
304,86.01104816794395,0,18,0.17653964362559943,-6.542099906338586,0.5766666666666667,166.45,4,64.111
305,86.27127864956856,0,18,0.19579392038415083,-6.583333532015483,0.575,167.04,4,65.031
306,86.01809522509575,0,18,0.1827844449419192,-6.566493093967438,0.5733333333333334,167.65,4,65.302
307,86.46852140128613,0,19,0.15224356155950985,-6.553438042941159,0.5716666666666667,168.27,4,67.282
308,85.95457898080349,0,18,0.20005050098795132,-6.582899464501275,0.57,168.83,4,64.9
309,86.20639556646347,0,18,0.19214423881688467,-6.571778628561232,0.5683333333333334,169.45,4,64.854
310,85.74016427993774,0,18,0.128095393511305,-6.596710099114312,0.5666666666666667,170.04,4,65.556
311,86.05598226189613,0,18,0.11146935314415411,-6.58243125014835,0.5650000000000001,170.66,4,64.86
312,86.15039762854576,0,18,0.20905825867763875,-6.596776313251919,0.5633333333333334,171.25,4,66.097
313,86.11054661870003,0,18,0.22209391821686747,-6.596829944186741,0.5616666666666666,171.73,4,65.911
314,85.84636262059212,0,18,0.10922168251029991,-6.589004079500834,0.56,172.37,4,66.413
315,86.01466552913189,0,18,0.2336988492720088,-6.588038696183099,0.5583333333333333,172.94,4,64.557
316,86.31316697597504,0,18,0.18037165216810536,-6.568130254745483,0.5566666666666666,173.45,4,64.024
317,85.95850671827793,0,18,0.22295076952529294,-6.564003811942206,0.5549999999999999,173.96,4,63.987
318,86.1183759868145,0,18,0.15224247772776936,-6.573263472980923,0.5533333333333333,174.45,4,64.387
319,86.66471520066261,0,19,0.2049373382246377,-6.570104259334198,0.5516666666666667,174.91,4,63.296
320,86.25483724474907,0,19,0.15996183588947743,-6.561107857586586,0.55,175.43,4,64.637
321,85.70503088831902,0,18,0.21955618898371337,-6.570236894819471,0.5483333333333333,175.92,4,64.837
322,85.46654872596264,0,18,0.1552124867868972,-6.5753483639823065,0.5466666666666666,176.45,4,66.152
323,86.17797267436981,0,18,0.1854381871170416,-6.551468584272596,0.5449999999999999,176.97,4,64.267
324,86.02039769291878,0,18,0.252244035090876,-6.580969201193915,0.5433333333333333,177.56,4,64.704
325,86.02735334634781,0,18,0.23764710876275785,-6.572067313724094,0.5416666666666666,178.15,4,64.68
326,86.16344499588013,0,18,0.14147813532326836,-6.606438199679057,0.54,178.74,4,66.547
327,85.98632198572159,0,18,0.22112123884208915,-6.575997471809387,0.5383333333333333,179.26,4,66.557
328,86.00400358438492,0,18,0.2354004488798738,-6.574949993027581,0.5366666666666666,179.83,4,64.3
329,86.26681965589523,0,18,0.16131914370796746,-6.584711167547438,0.535,180.41,4,65.697
330,86.23784798383713,0,18,0.15519691772674882,-6.55510413646698,0.5333333333333333,180.89,4,65.918
331,86.7452532351017,0,19,0.14426456202995286,-6.5744326996476685,0.5316666666666666,181.47,4,65.017
332,86.14924862980843,0,18,0.1617132968757586,-6.5749207735061646,0.53,182.05,4,66.927
333,86.21663782000542,0,18,0.17376609861902478,-6.571847663985358,0.5283333333333333,182.6,4,63.494
334,87.37355810403824,0,19,0.19696607024525292,-6.55063896565824,0.5266666666666667,183.12,4,64.304
335,85.77880808711052,0,18,0.22392207256052643,-6.560392677783966,0.525,183.65,4,64.479
336,85.72758413851261,0,18,0.1709416722700957,-6.567736592557695,0.5233333333333333,184.19,4,65.404
337,86.4453475177288,0,19,0.1868787803830681,-6.561856681353425,0.5216666666666667,184.66,4,64.709
338,85.98200744390488,0,18,0.20315199686511834,-6.550203720728557,0.52,185.16,4,65.615
339,85.69525039196014,0,18,0.16194886806543865,-6.560115694999695,0.5183333333333333,185.64,4,64.375
340,85.97572825849056,0,18,0.16360952238675155,-6.558126078711616,0.5166666666666666,186.12,4,65.672
341,85.82613168656826,0,18,0.21222345863578893,-6.550592687394884,0.515,186.76,4,65.038
342,86.06288695335388,0,18,0.15138856299745385,-6.562629474533929,0.5133333333333334,187.4,4,65.902
343,85.97310587763786,0,18,0.19111669373038845,-6.541103005409241,0.5116666666666667,187.96,4,64.528
344,86.15860764682293,0,18,0.24773626114700972,-6.551238377888997,0.51,188.58,4,64.936
345,86.29672153294086,0,19,0.17829850600228633,-6.5711259188717355,0.5083333333333333,189.13,4,63.488
346,86.09176969528198,0,18,0.19177098686082494,-6.554748356342316,0.5066666666666666,189.72,4,66.105
347,86.27594691514969,0,18,0.19369658337220447,-6.574750204881032,0.505,190.37,4,65.265
348,86.16759438812733,0,18,0.24187816579231164,-6.563314437866211,0.5033333333333333,190.97,4,64.487
349,85.85987663269043,0,18,0.21380538564052484,-6.570038153065576,0.5016666666666667,191.57,4,64.49
350,86.20382256805897,0,18,0.1349674840247543,-6.5773130721516075,0.5,192.22,4,65.027
351,86.6554494202137,0,19,0.09779155601217883,-6.5554460238104,0.4983333333333333,192.86,4,64.946
352,86.02797642350197,0,18,0.11250207152140017,-6.566399892171224,0.4966666666666667,193.49,4,64.508
353,86.15231469273567,0,18,0.14106317253835085,-6.557928495936924,0.495,194.11,4,64.865
354,86.14881964027882,0,18,0.146850888788726,-6.556504130363464,0.4933333333333333,194.63,4,65.46
355,85.94231328368187,0,18,0.21767747303318982,-6.556600557433234,0.4916666666666667,195.2,4,65.995
356,86.11286543309689,0,18,0.19760040788807803,-6.540076427989536,0.49,195.71,4,65.567
357,86.20258995890617,0,18,0.1797795852293752,-6.571110553211636,0.4883333333333334,196.16,4,64.878
358,86.21740156412125,0,18,0.16784769274171493,-6.53666803571913,0.4866666666666667,196.69,4,67.3
359,85.8005313873291,0,18,0.2040598226012662,-6.584271298514472,0.485,197.17,4,65.933
360,86.14666298031807,0,18,0.14557727236468862,-6.555992696020338,0.4833333333333334,197.77,4,65.348
361,86.50432205200195,0,19,0.15014993468911886,-6.560133267755377,0.4816666666666667,198.34,4,66.201
362,86.54825089871883,0,19,0.1656312532675108,-6.55948513501311,0.48,198.9,4,65.999
363,86.3037203848362,0,19,0.19612775740137145,-6.575660261389327,0.4783333333333333,199.51,4,66.12
364,85.65706640481949,0,18,0.21535259437546805,-6.55910340944926,0.47666666666666657,200.07,4,66.047
365,87.15935307741165,0,19,0.2142183575967981,-6.557624700907114,0.4750000000000001,200.73,4,65.596
366,85.65384837985039,0,18,0.1971850942467831,-6.58280309703615,0.4733333333333334,201.34,4,66.293
367,85.67679417133331,0,18,0.19483066687502693,-6.5616742504967585,0.4716666666666667,201.91,4,65.998
368,86.10479685664177,0,18,0.14536346062151198,-6.59137882788976,0.47,202.51,4,66.62
369,85.86220215260983,0,18,0.17562579604014494,-6.568469431665209,0.46833333333333327,203.04,4,65.702
370,86.11510989069939,0,18,0.19985954728488448,-6.589856863021851,0.4666666666666667,203.45,4,64.923
371,86.30469328165054,0,18,0.24637939318523017,-6.560768412219153,0.46499999999999997,203.95,4,65.231
372,85.96310870349407,0,18,0.08656862331715981,-6.556614087687598,0.4633333333333334,204.52,4,65.223
373,86.02333407104015,0,18,0.20391040590281287,-6.564311212963528,0.46166666666666667,205.0,4,65.544
374,86.11510917544365,0,18,0.1701875468813038,-6.559225949976179,0.45999999999999996,205.47,4,65.182
375,86.32839500904083,0,19,0.226628869620458,-6.561874997125913,0.45833333333333337,206.02,4,64.713
376,86.24292945861816,0,18,0.22420169394657327,-6.565271364318,0.45666666666666667,206.55,4,67.202
377,86.13928404450417,0,18,0.15901386125026168,-6.555683864487542,0.45499999999999996,207.06,4,65.679
378,86.12665575742722,0,18,0.1820114837448475,-6.559726595878601,0.45333333333333337,207.59,4,65.214
379,86.50397303700447,0,19,0.1420723808728388,-6.59691922958583,0.45166666666666666,208.22,4,65.926
380,85.58468520641327,0,18,0.2553675154162597,-6.537356495857239,0.45000000000000007,208.81,4,64.848
381,86.03563645482063,0,18,0.1604576598005628,-6.601072086228265,0.44833333333333336,209.34,4,65.931
382,86.28805029392242,0,18,0.09583960160024516,-6.571432126892938,0.44666666666666666,209.88,4,65.736
383,86.05375558137894,0,18,0.18017998525141998,-6.570708831151326,0.44500000000000006,210.43,4,65.742
384,86.03420865535736,0,18,0.19561027681144574,-6.570637775792016,0.44333333333333336,210.96,4,66.228
385,86.2056394815445,0,18,0.12920622111737934,-6.567270855108897,0.44166666666666665,211.48,4,66.112
386,85.9124209433794,0,18,0.20980687766617243,-6.5542364782757225,0.43999999999999995,212.03,4,66.387
387,85.69571460783482,0,18,0.18959937544261468,-6.551314844025506,0.43833333333333324,212.6,4,67.153
388,86.20108127593994,0,18,0.15609300320567046,-6.552754587597317,0.43666666666666676,213.13,4,65.826
389,86.008186429739,0,18,0.1462251684440869,-6.5584739380412636,0.43500000000000005,213.7,4,65.855
390,86.12387469410896,0,18,0.2222424801689663,-6.552752435207367,0.43333333333333335,214.23,4,65.345
391,85.82332327961922,0,18,0.05543455937246714,-6.571873837047153,0.43166666666666664,214.88,4,64.861
392,86.641427308321,0,19,0.1345877310186178,-6.5798951762996305,0.42999999999999994,215.45,4,65.959
393,86.07192400097847,0,18,0.18466576802731854,-6.565208223130968,0.42833333333333334,216.05,4,62.87
394,86.09133705496788,0,18,0.1663486884855148,-6.579298946592543,0.42666666666666664,216.73,4,65.944
395,86.2886574268341,0,18,0.23704478064610157,-6.566795534557766,0.42499999999999993,217.27,4,64.778
396,86.2223619222641,0,18,0.18022039288512637,-6.581044965320164,0.42333333333333334,217.88,4,65.707
397,86.06096887588501,0,18,0.16444853795595313,-6.562523166338603,0.42166666666666663,218.5,4,66.154
398,86.00411258637905,0,18,0.05274748035137438,-6.573406285709805,0.42000000000000004,219.17,4,64.424
399,85.96964877843857,0,18,0.19104784598878016,-6.559996644655864,0.41833333333333333,219.78,4,65.601
400,86.0517760515213,0,18,0.14509988756940906,-6.578387419382731,0.41666666666666663,220.35,4,65.421
401,85.81501850485802,0,18,0.16065659395664827,-6.5523016982608375,0.41500000000000004,220.91,4,65.652
402,85.97723332047462,0,18,0.1135527803958717,-6.56826568974389,0.41333333333333333,221.48,4,64.473
403,86.26398476958275,0,18,0.12770217686193064,-6.586015807257758,0.4116666666666666,222.09,4,65.048
404,86.00208592414856,0,18,0.19624697776291417,-6.576868653297424,0.41000000000000003,222.67,4,65.001
405,86.17339190840721,0,18,0.10059114374841253,-6.559737536642286,0.4083333333333333,223.24,4,66.372
406,86.07856407761574,0,18,0.20158736812380892,-6.570324526892768,0.40666666666666673,223.77,4,64.779
407,86.09954780340195,0,18,0.19594132638141876,-6.546417911847432,0.405,224.38,4,65.536
408,85.94821920990944,0,18,0.15661928968054578,-6.571981588999431,0.4033333333333333,224.94,4,66.38
409,86.19581581652164,0,18,0.1259414778792739,-6.571113056606716,0.4016666666666666,225.48,4,65.313
410,86.13287650048733,0,18,0.20632496139700784,-6.577903191248576,0.3999999999999999,225.97,4,64.186
411,86.14881259202957,0,18,0.12485002944110117,-6.580234368642171,0.39833333333333343,226.54,4,66.204
412,85.93259635567665,0,18,0.1361515294500148,-6.569500433074103,0.3966666666666667,227.06,4,66.02
413,86.15326237678528,0,18,0.1493620799220581,-6.57826742861006,0.395,227.49,4,66.542
414,86.03553912043571,0,18,0.1345971193861462,-6.558423929744297,0.3933333333333333,228.07,4,66.259
415,85.97477766871452,0,18,0.1337251144327133,-6.563820123672485,0.3916666666666666,228.58,4,66.349
416,86.19073714315891,0,18,0.18545371096762311,-6.56379857328203,0.39,229.23,4,66.05
417,86.02749912440777,0,18,0.14678002299155601,-6.557125051816304,0.3883333333333333,229.79,4,65.463
418,85.99299827218056,0,18,0.21404510262234705,-6.566883934868707,0.3866666666666666,230.35,4,66.467
419,85.93312133848667,0,18,0.12279802936245687,-6.565555095672607,0.385,230.82,4,66.59
420,86.27415829896927,0,18,0.11739878907974344,-6.582095901171367,0.3833333333333333,231.4,4,64.216
421,86.06968978047371,0,18,0.13504077430116013,-6.590658677948846,0.3816666666666667,232.02,4,66.137
422,86.19254583120346,0,18,0.1428089650790854,-6.576101647482978,0.38,232.6,4,66.302
423,86.0430152118206,0,18,0.17315045708932708,-6.572587675518459,0.3783333333333333,233.17,4,64.649
424,85.87288284301758,0,18,0.1611242908871241,-6.563187254799737,0.3766666666666667,233.83,4,65.068
425,86.01621919870377,0,18,0.13247890445361715,-6.564600202772352,0.375,234.36,4,64.623
426,86.08896523714066,0,18,0.14065267068185172,-6.561743140220642,0.3733333333333333,234.94,4,64.586
427,85.82278183102608,0,18,0.10034837552908964,-6.574661572774251,0.3716666666666667,235.54,4,66.546
428,86.23214840888977,0,18,0.14810593587268764,-6.5673567454020185,0.37,236.14,4,64.467
429,86.06634955108166,0,18,0.14914405636631678,-6.573098460833232,0.3683333333333334,236.72,4,65.616
430,85.9148459136486,0,18,0.1261513451730328,-6.56148624420166,0.3666666666666667,237.32,4,63.664
431,86.17858305573463,0,18,0.13264403134881933,-6.569830099741618,0.365,237.85,4,64.182
432,86.10576657950878,0,18,0.1979923301340831,-6.544196102354261,0.3633333333333333,238.3,4,65.126
433,86.14488214254379,0,18,0.0942024034140761,-6.576226737764147,0.3616666666666666,238.8,4,66.779
434,85.95495435595512,0,18,0.07091151118624515,-6.579815824826558,0.36,239.32,4,65.422
435,86.00342348217964,0,18,0.1448200940649258,-6.566157870822483,0.3583333333333334,239.91,4,65.524
436,86.1998360157013,0,18,0.20734455174048586,-6.553689969910516,0.3566666666666667,240.43,4,65.739
437,86.06439159810543,0,18,0.11926839229272446,-6.575265553262499,0.355,240.99,4,64.429
438,85.90384039282799,0,18,0.13152720571249826,-6.5845519171820746,0.3533333333333333,241.5,4,65.421
439,86.19955348968506,0,18,0.16096884178760876,-6.564898583624098,0.3516666666666667,241.98,4,65.361
440,86.07243107259274,0,18,0.17180978933983068,-6.557198246320088,0.35,242.43,4,64.23
441,86.0351270288229,0,18,0.12444759944143395,-6.574905726644728,0.3483333333333333,242.93,4,62.963
442,86.287078499794,0,18,0.15508519472011054,-6.578182074758741,0.3466666666666667,243.51,4,65.827
443,86.12475180625916,0,18,0.13551387934259967,-6.55567122830285,0.345,244.04,4,66.846
444,85.9245487600565,0,18,0.11120541093987413,-6.589978615442912,0.3433333333333334,244.59,4,66.754
445,86.10830882191658,0,18,0.18067110828997102,-6.5580317576726275,0.3416666666666667,245.16,4,65.564
446,86.06330063939095,0,18,0.14109313686397704,-6.596725331412421,0.33999999999999997,245.73,4,64.478
447,86.12472757697105,0,18,0.18417224461558768,-6.561414784855312,0.3383333333333334,246.36,4,66.872
448,86.2441113293171,0,18,0.057902130532764,-6.585635648833381,0.33666666666666667,246.89,4,66.362
449,85.92847588658333,0,18,0.12161720527122573,-6.575940238104926,0.33499999999999996,247.51,4,65.706
450,85.92050358653069,0,18,0.1385264516268055,-6.5618159373601275,0.33333333333333337,248.13,4,67.138
451,86.3121172785759,0,18,0.14663009455721798,-6.621267557144165,0.33166666666666667,248.76,4,65.132
452,85.96472795307636,0,18,0.12312220992882633,-6.568299955791897,0.33000000000000007,249.46,4,64.553
453,86.15159714221954,0,18,0.18528406483609514,-6.588852352566189,0.32833333333333337,250.09,4,66.476
454,86.2821860909462,0,18,0.16154879647526993,-6.5880091190338135,0.32666666666666666,250.67,4,66.321
455,86.11016315221786,0,18,0.16947156584016435,-6.589182085461086,0.32499999999999996,251.25,4,65.377
456,85.946867197752,0,18,0.1684272748259698,-6.576701468891567,0.32333333333333325,251.9,4,65.141
457,86.27548432350159,0,18,0.16131483793772836,-6.5627816915512085,0.32166666666666666,252.45,4,66.009
458,86.28179454803467,0,18,0.11950210218815806,-6.593109488487244,0.32000000000000006,253.1,4,65.684
459,86.09424179792404,0,18,0.20525182321256985,-6.57190998395284,0.31833333333333336,253.75,4,66.169
460,85.97159619629383,0,18,0.09083778932108544,-6.604424794514974,0.31666666666666665,254.35,4,65.873
461,85.87984572350979,0,18,0.1584821211476487,-6.5786722501118975,0.31499999999999995,254.96,4,64.409
462,86.20116144418716,0,18,0.1286635482546343,-6.565967188941108,0.31333333333333335,255.55,4,66.145
463,86.13188776373863,0,18,0.10900653256572292,-6.579332166247898,0.31166666666666665,256.11,4,66.649
464,86.12896627187729,0,18,0.1061194964269008,-6.593899104330275,0.30999999999999994,256.73,4,66.067
465,85.74841782450676,0,18,0.12060041322062413,-6.566156268119812,0.30833333333333335,257.32,4,64.396
466,85.98336055874825,0,18,0.16713985900908787,-6.557833181487189,0.30666666666666664,257.9,4,64.705
467,86.1041167974472,0,18,0.1221399936556635,-6.5662402047051325,0.30500000000000005,258.45,4,65.589
468,86.27636939287186,0,18,0.10425943304936583,-6.576690091027154,0.30333333333333334,259.02,4,64.697
469,86.20051230490208,0,18,0.1446350589750283,-6.565601627031962,0.30166666666666664,259.61,4,65.764
470,85.95532402396202,0,18,0.14712460153774978,-6.5942650768491955,0.30000000000000004,260.18,4,65.295
471,86.28879225254059,0,18,0.17378228463591464,-6.57744652695126,0.29833333333333334,260.7,4,65.812
472,86.12744989991188,0,18,0.09728335482294723,-6.568901326921251,0.29666666666666663,261.22,4,67.036
473,85.87335002422333,0,18,0.14358699451663093,-6.562283078829448,0.29500000000000004,261.85,4,63.795
474,86.18304638564587,0,18,0.13689197453156035,-6.582979970508152,0.29333333333333333,262.52,4,64.949
475,86.16086964309216,0,18,0.1418529907306139,-6.565984977616204,0.29166666666666674,263.29,4,65.855
476,85.99258083105087,0,18,0.17020472952410476,-6.5752997663286,0.29000000000000004,264.02,4,65.26
477,86.15570238232613,0,18,0.1317650773813107,-6.577600134743585,0.28833333333333333,264.76,4,63.817
478,86.13632014393806,0,18,0.1388432392300779,-6.58860715230306,0.2866666666666666,265.5,4,65.387
479,86.08437660336494,0,18,0.18773970582777919,-6.576524111959669,0.2849999999999999,266.25,4,65.435
480,86.19131329655647,0,18,0.10435498575599114,-6.5861897468566895,0.2833333333333333,266.98,4,64.326
481,86.08666041493416,0,18,0.1190822403093787,-6.574769179026286,0.28166666666666673,267.73,4,64.926
482,86.08506271243095,0,18,0.16655283084643693,-6.561983399920994,0.28,268.31,4,65.675
483,86.312834918499,0,18,0.15000583574389262,-6.584494127167596,0.2783333333333333,268.89,4,65.445
484,86.18397030234337,0,18,0.13656726204741668,-6.573574688699511,0.2766666666666666,269.41,4,65.662
485,85.98118703067303,0,18,0.12396869391846445,-6.5824205080668134,0.275,269.93,4,64.908
486,86.18141266703606,0,18,0.1381401369580999,-6.581416606903076,0.2733333333333333,270.42,4,66.966
487,86.20266854763031,0,18,0.10793675710980703,-6.56983827220069,0.2716666666666666,270.87,4,65.252
488,85.98683965206146,0,18,0.10614016118132794,-6.575575311978658,0.27,271.35,4,65.103
489,86.18084156513214,0,18,0.07849328108164223,-6.581683066156176,0.2683333333333333,271.78,4,65.236
490,86.02529688179493,0,18,0.1817065245066058,-6.596382048394945,0.2666666666666667,272.23,4,64.273
491,86.07736963033676,0,18,0.23875702941505653,-6.559363550610012,0.265,272.72,4,66.337
492,86.1925323009491,0,18,0.18164870008654865,-6.543953153822157,0.2633333333333333,273.13,4,64.375
493,85.96912555396557,0,18,0.12234582364746732,-6.5831722021102905,0.2616666666666667,273.65,4,63.963
494,86.15021026134491,0,18,0.1381591495341531,-6.585045761532253,0.26,274.12,4,65.151
495,86.15577057003975,0,18,0.05668400765231733,-6.584293497933282,0.2583333333333333,274.62,4,66.46
496,86.02095226943493,0,18,0.14002739915263696,-6.577317396799724,0.2566666666666666,275.13,4,65.066
497,86.1605645865202,0,18,0.12870178241104846,-6.587773084640503,0.255,275.72,4,64.701
498,86.18036207556725,0,18,0.21898965307708648,-6.578709059291416,0.2533333333333334,276.38,4,65.277
499,86.25922632217407,0,18,0.07923314986045524,-6.589754078123304,0.2516666666666667,277.06,4,66.039
500,86.09724155068398,0,18,0.14414077622253293,-6.5735452440049915,0.25,277.64,4,64.295
501,86.2289719581604,0,18,0.07608957558436992,-6.586463146739536,0.25,278.39,4,65.484
502,85.99210512638092,0,18,0.07823800912107497,-6.607416484091017,0.25,279.1,4,66.488
503,86.01776477694511,0,18,0.19895668265477676,-6.587717321183947,0.25,279.75,4,64.511
504,86.20856004953384,0,18,0.18148859719076427,-6.579277131292555,0.25,280.44,4,66.428
505,86.30027675628662,0,18,0.06934764758302157,-6.58603670861986,0.25,281.02,4,65.765
506,86.09116941690445,0,18,0.1451457955376504,-6.5857239961624146,0.25,281.59,4,65.63
507,86.04147237539291,0,18,0.12582951862552566,-6.584094776047601,0.25,282.27,4,65.526
508,85.99811860918999,0,18,0.11379806401156303,-6.598293079270257,0.25,282.97,4,65.82
509,86.1543495953083,0,18,0.14692186770359209,-6.589809563424852,0.25,283.67,4,64.718
510,86.15161943435669,0,18,0.11047770649666847,-6.598171644740635,0.25,284.23,4,65.593
511,86.15987852215767,0,18,0.09240665733604045,-6.591530839602153,0.25,285.02,4,65.065
512,86.23024308681488,0,18,0.08905897501325752,-6.590846392843458,0.25,285.79,4,66.553
513,86.16887947916985,0,18,0.19034782416484733,-6.584082696172926,0.25,286.5,4,66.251
514,86.13264380395412,0,18,0.09846685999420718,-6.583910213576423,0.25,287.22,4,65.414
515,86.09585244953632,0,18,0.16645097029039688,-6.599971267912123,0.25,287.88,4,65.16
516,85.95398461818695,0,18,0.21219192691367222,-6.582490020328098,0.25,288.53,4,66.83
517,85.96257907152176,0,18,0.10863721217174316,-6.61076561609904,0.25,289.1,4,66.271
518,86.269511282444,0,18,0.07803933544629318,-6.578843302196926,0.25,289.69,4,64.55
519,86.21391353011131,0,18,0.09751556352340332,-6.610457910431756,0.25,290.28,4,66.439
520,85.89811831712723,0,18,0.07003498443939155,-6.6106183131535845,0.25,290.84,4,65.806
521,86.08524200320244,0,18,0.09289783778876881,-6.594785319434272,0.25,291.43,4,66.057
522,86.1190535724163,0,18,0.08866845177746857,-6.5947781801223755,0.25,292.02,4,65.263
523,86.11711959540844,0,18,0.08640302270133463,-6.607799702220493,0.25,292.69,4,64.575
524,86.08517700433731,0,18,0.08464484885917045,-6.600156254238552,0.25,293.24,4,65.525
525,86.26020959019661,0,18,0.12356916850775532,-6.607792139053345,0.25,293.76,4,64.363
526,86.14811325073242,0,18,0.12900511438136972,-6.592065480020311,0.25,294.33,4,65.788
527,86.10208162665367,0,18,0.13159490404238264,-6.595078958405389,0.25,294.91,4,65.805
528,86.05226328969002,0,18,0.12256045151702387,-6.618842323621114,0.25,295.53,4,65.636
529,86.19907528162003,0,18,0.159748510953351,-6.582489901118809,0.25,296.02,4,65.084
530,86.22124961018562,0,18,0.11862706863919609,-6.598077085283068,0.25,296.59,4,64.291
531,86.14529317617416,0,18,0.14015037472644407,-6.566531909836663,0.25,297.1,4,65.503
532,86.17560762166977,0,18,0.14745584360652073,-6.58924040529463,0.25,297.67,4,65.48
533,86.17843723297119,0,18,0.17491899618714038,-6.602846582730611,0.25,298.29,4,64.192
534,86.06498828530312,0,18,0.1957844192228448,-6.576226313908895,0.25,298.82,4,65.13
535,86.08535140752792,0,18,0.1607992710600633,-6.574440783924526,0.25,299.34,4,63.981
536,86.18340295553207,0,18,0.24897000009109937,-6.577046487066481,0.25,299.89,4,65.553
537,86.07093939185143,0,18,0.1370571932630911,-6.5800349050098,0.25,300.4,4,65.124
538,86.2335577905178,0,18,0.14323247502680816,-6.5622867875629005,0.25,300.87,4,65.819
539,85.92719973623753,0,18,0.10153480055628784,-6.57830105887519,0.25,301.35,4,65.983
540,86.15564522147179,0,18,0.13334835139782322,-6.57945638232761,0.25,301.91,4,65.008
541,86.19599658250809,0,18,0.10867714080975727,-6.609202835294935,0.25,302.34,4,64.555
542,86.27215325832367,0,18,0.12067765932281166,-6.604712340566847,0.25,302.86,4,65.455
543,86.16491502523422,0,18,0.09647032136551086,-6.57657363679674,0.25,303.39,4,66.408
544,86.23885396122932,0,18,0.10594669213686655,-6.603330850601196,0.25,303.85,4,66.041
545,86.14676705002785,0,18,0.13870401112540598,-6.556623631053501,0.25,304.33,4,65.893
546,86.14471477270126,0,18,0.1313406007369243,-6.608537077903748,0.25,304.79,4,66.684
547,86.11321461200714,0,18,0.07357491822606083,-6.604232403967115,0.25,305.29,4,66.99
548,86.27747285366058,0,18,0.04510352823247862,-6.590987735324436,0.25,305.75,4,65.975
549,86.11524890363216,0,18,0.23506711781657133,-6.581388725174798,0.25,306.26,4,66.957
550,86.115867882967,0,18,0.13200824626417468,-6.57673446337382,0.25,306.85,4,65.737
551,86.15023308992386,0,18,0.13591299372152812,-6.573009941313002,0.25,307.56,4,66.454
552,86.27394092082977,0,18,0.14085932877949542,-6.584975454542372,0.25,308.14,4,65.346
553,86.17518004775047,0,18,0.16376541573683628,-6.584790640407139,0.25,308.67,4,65.024
554,86.2486829161644,0,18,0.0556899856395224,-6.5861044724782305,0.25,309.21,4,64.948
555,86.22501155734062,0,18,0.12786536671450854,-6.572068903181288,0.25,309.86,4,66.953
556,86.27146688103676,0,18,0.12658109890415087,-6.56626131799486,0.25,310.44,4,65.879
557,86.18149349093437,0,18,0.08707652313104416,-6.5932031472524,0.25,311.09,4,64.741
558,86.13823249936104,0,18,0.10456555392011069,-6.587047073576185,0.25,311.63,4,66.755
559,86.14866346120834,0,18,0.15152391795264622,-6.593551529778375,0.25,312.32,4,64.644
560,85.98112608492374,0,18,0.06387907216978622,-6.572398357921177,0.25,312.91,4,65.857
561,86.29068350791931,0,18,0.08507840798605078,-6.581978731685215,0.25,313.57,4,67.128
562,86.08720871806145,0,18,0.11295563200837933,-6.57390554745992,0.25,314.22,4,64.63
563,86.0196990519762,0,18,0.08265830315495906,-6.588865107960171,0.25,314.83,4,66.088
564,86.14188930392265,0,18,0.11339154937741114,-6.5777863131629095,0.25,315.52,4,64.492
565,86.18505498766899,0,18,0.11171108308351702,-6.568204800287883,0.25,316.12,4,65.705
566,85.96111951768398,0,18,0.13299943483030396,-6.584550870789422,0.25,316.72,4,66.462
567,86.16640520095825,0,18,0.1117878988031104,-6.5632684628168745,0.25,317.27,4,65.215
568,86.19770783185959,0,18,0.14280922614327413,-6.580856336487664,0.25,317.81,4,65.716
569,86.22340035438538,0,18,0.10925117514893322,-6.571889254781935,0.25,318.37,4,64.556
570,86.26251941919327,0,18,0.08744384161885439,-6.580302755037944,0.25,318.97,4,65.977
571,86.17814429104328,0,18,0.15379474281346323,-6.591113249460856,0.25,319.6,4,66.076
572,86.12714424729347,0,18,0.12474873686369392,-6.580848905775282,0.25,320.11,4,65.76
573,86.22669583559036,0,18,0.1624611911344497,-6.581442091200087,0.25,320.68,4,66.009
574,85.89647768437862,0,18,0.10472737327412081,-6.566767864757114,0.25,321.22,4,66.332
575,85.97355145215988,0,18,0.18207605036716107,-6.567172951168484,0.25,321.8,4,65.846
576,85.99693310260773,0,18,0.13836401275168303,-6.5981711281670465,0.25,322.27,4,66.0
577,86.03881970047951,0,18,0.17327145023429896,-6.57763233449724,0.25,322.73,4,66.799
578,86.23696553707123,0,18,0.14159181468373086,-6.572932455274794,0.25,323.22,4,65.222
579,86.21013566851616,0,18,0.0904964711953653,-6.558742298020257,0.25,323.77,4,64.26
580,86.30972164869308,0,18,0.07512042284320665,-6.592397212982178,0.25,324.32,4,65.02
581,86.22721496224403,0,18,0.09942718928586045,-6.571748640802172,0.25,324.94,4,65.241
582,86.002800360322,0,18,0.12295921777856872,-6.591570946905348,0.25,325.47,4,65.83
583,86.20720186829567,0,18,0.14344883519839235,-6.570443762673272,0.25,325.91,4,64.865
584,86.03847979009151,0,18,0.11240996515779342,-6.581233766343859,0.25,326.41,4,65.189
585,86.21092581748962,0,18,0.09862345838418049,-6.538523104455736,0.25,326.87,4,66.445
586,86.14115336537361,0,18,0.15616582238969082,-6.592086699273851,0.25,327.44,4,64.996
587,86.26694631576538,0,18,0.09490223947917305,-6.576037446657817,0.25,328.11,4,66.099
588,86.19796693325043,0,18,0.09406620476187931,-6.601269947157966,0.25,328.75,4,66.161
589,86.26745358109474,0,18,0.19217294706807783,-6.593009365929498,0.25,329.31,4,65.618
590,86.07559388875961,0,18,0.08137135884074571,-6.567744043138292,0.25,329.85,4,64.411
591,86.23373913764954,0,18,0.09933348926440683,-6.589368277125889,0.25,330.36,4,65.749
592,86.14427852630615,0,18,0.1267852540946074,-6.59330870045556,0.25,330.91,4,65.664
593,86.24103981256485,0,18,0.07394403048440129,-6.578693601820204,0.25,331.41,4,65.358
594,86.08151772618294,0,18,0.06889170471873109,-6.585252139303419,0.25,331.86,4,65.372
595,86.10816624760628,0,18,0.070331048742446,-6.586343804995219,0.25,332.39,4,65.854
596,86.1850214600563,0,18,0.08991994379256438,-6.579275939199659,0.25,332.84,4,64.832
597,86.13271605968475,0,18,0.11224722371116513,-6.588531931241353,0.25,333.31,4,65.674
598,86.29969346523285,0,18,0.10571239923390546,-6.599763578838772,0.25,333.73,4,64.708
599,86.12065978348255,0,18,0.13153006388448477,-6.582599957784017,0.25,334.19,4,63.824
600,86.28607833385468,0,18,0.1339327978971091,-6.5769201384650335,0.25,334.65,4,65.847
601,86.12191131711006,0,18,0.09591395577364084,-6.582377248340183,0.25,335.22,4,65.193
602,86.0317687690258,0,18,0.12555173986968132,-6.5840365224414406,0.25,335.82,4,65.759
603,86.08626390993595,0,18,0.17777614396537603,-6.550219813982646,0.25,336.5,4,65.791
604,86.22376495599747,0,18,0.11259001989674289,-6.60576852162679,0.25,337.06,4,66.149
605,86.2326937019825,0,18,0.21544341037628734,-6.569520062870449,0.25,337.6,4,64.295
606,85.86952275037766,0,18,0.07195077138506652,-6.591816888915168,0.25,338.19,4,66.14
607,86.02716782689095,0,18,0.0764275717596724,-6.591853009329902,0.25,338.79,4,65.099
608,86.01082822680473,0,18,0.09099410582671731,-6.589824279149373,0.25,339.44,4,67.384
609,86.05858527123928,0,18,0.11990525735099153,-6.5965950224134655,0.25,340.0,4,63.743
610,86.0777126699686,0,18,0.09179238075578017,-6.60141138235728,0.25,340.6,4,65.897
611,85.96090197563171,0,18,0.0707778684631598,-6.560115218162537,0.25,341.16,4,65.196
612,86.2074830532074,0,18,0.10109348615798,-6.58658750851949,0.25,341.74,4,66.993
613,86.07161368429661,0,18,0.12275849306145876,-6.588527666197883,0.25,342.24,4,65.235
614,85.73683212697506,0,18,0.15079739159975564,-6.581462621688843,0.25,342.86,4,65.414
615,86.17967155575752,0,18,0.10996746797172818,-6.574206444952223,0.25,343.53,4,65.453
616,86.28642839193344,0,18,0.05792109506971125,-6.59097875489129,0.25,344.07,4,65.17
617,85.98835749924183,0,18,0.15647545559032652,-6.583963963720533,0.25,344.64,4,66.604
618,86.02106049656868,0,18,0.10266816186493896,-6.58022928237915,0.25,345.17,4,65.068
619,86.0674624145031,0,18,0.10345320372410545,-6.583196653260125,0.25,345.68,4,64.467
620,86.24675500392914,0,18,0.09141442884073411,-6.584546380572849,0.25,346.26,4,65.366
621,86.07163548469543,0,18,0.11646875701383881,-6.5871979925367565,0.25,346.78,4,66.16
622,86.19311034679413,0,18,0.12930613695870205,-6.590192794799805,0.25,347.37,4,65.824
623,86.16261196136475,0,18,0.1164573020279123,-6.58942973613739,0.25,347.97,4,66.096
624,86.27113449573517,0,18,0.11489967791850278,-6.59636992878384,0.25,348.52,4,66.505
625,86.11398705840111,0,18,0.11112863561275946,-6.581919034322103,0.25,349.05,4,65.619
626,86.24792602658272,0,18,0.045920049545303404,-6.597727364963955,0.25,349.64,4,66.319
627,86.25255066156387,0,18,0.11051508244215963,-6.577923880683051,0.25,350.23,4,65.02
628,86.03261920809746,0,18,0.07769882853406468,-6.593287309010823,0.25,350.81,4,64.812
629,86.07662463188171,0,18,0.0933728620269297,-6.60136436091529,0.25,351.36,4,64.897
630,86.1316981613636,0,18,0.10428472406339198,-6.605485876401265,0.25,351.92,4,66.565
631,86.21223077178001,0,18,0.09833516627663307,-6.584726081954108,0.25,352.52,4,63.872
632,86.03208476305008,0,18,0.058501801253441954,-6.6070774926079645,0.25,353.07,4,65.593
633,86.29834455251694,0,18,0.0762893134192887,-6.593280699517992,0.25,353.69,4,64.919
634,85.95428839325905,0,18,0.1630660561261013,-6.5939501656426325,0.25,354.22,4,65.857
635,86.29486238956451,0,18,0.13774198753122213,-6.565298822191027,0.25,354.72,4,66.463
636,85.94517984986305,0,18,0.09780818869330687,-6.583280722300212,0.25,355.25,4,66.964
637,86.21813789010048,0,18,0.09025666669670802,-6.5630324019326105,0.25,355.69,4,65.903
638,86.00762385129929,0,18,0.1072420112181539,-6.576696435610454,0.25,356.28,4,64.731
639,86.2258069217205,0,18,0.12081217212956592,-6.602592706680298,0.25,356.89,4,65.832
640,86.1425030529499,0,18,0.0702343525780533,-6.59680081738366,0.25,357.4,4,65.404
641,86.13556891679764,0,18,0.06683331208882413,-6.58017553223504,0.25,357.91,4,64.841
642,85.9740114659071,0,18,0.16413122935773572,-6.594863348537022,0.25,358.43,4,65.096
643,86.28886866569519,0,18,0.09525814473252264,-6.605664610862732,0.25,358.88,4,66.464
644,86.21472382545471,0,18,0.06615664364208998,-6.59246305624644,0.25,359.32,4,65.841
645,86.07369574904442,0,18,0.07865694019023471,-6.597461515002781,0.25,359.82,4,65.346
646,86.02413968741894,0,18,0.11074826538970228,-6.598467191060384,0.25,360.29,4,65.935
647,86.24888187646866,0,18,0.11652487262876497,-6.618621799680922,0.25,360.84,4,65.419
648,86.26320773363113,0,18,0.08625635277914828,-6.621804396311442,0.25,361.38,4,65.897
649,86.26070469617844,0,18,0.11388364153996615,-6.628332985772027,0.25,361.89,4,65.254
650,86.00847309827805,0,18,0.08587433512447104,-6.566156466801961,0.25,362.4,4,65.521
651,86.07511791586876,0,18,0.07465290761400764,-6.592259751425849,0.25,362.96,4,66.628
652,86.04501336812973,0,18,0.10771347983488037,-6.578730291790432,0.25,363.43,4,62.637
653,85.81053048372269,0,19,0.12176387595277509,-6.619720733329041,0.25,363.98,4,66.761
654,86.11947530508041,0,18,0.10220491292824994,-6.628144476148817,0.25,364.51,4,66.982
655,86.09854306280613,0,18,0.12795984291571788,-6.588313553068373,0.25,365.01,4,65.262
656,86.17144057154655,0,18,0.09267117876717951,-6.612711946169536,0.25,365.51,4,65.76
657,85.78392149508,0,18,0.08722904345470145,-6.606257153881921,0.25,365.97,4,65.492
658,86.12397691607475,0,18,0.08845058828349768,-6.606876803769006,0.25,366.43,4,66.516
659,85.90488673746586,0,18,0.10653645613759484,-6.59075407187144,0.25,366.96,4,66.017
660,85.9356361925602,0,18,0.06924673362381226,-6.608153369691637,0.25,367.53,4,66.538
661,86.25173592567444,0,18,0.11877972810947944,-6.597687350379096,0.25,368.11,4,66.282
662,85.891477689147,0,18,0.08371335785219951,-6.597788453102112,0.25,368.64,4,64.873
663,86.06638485193253,0,18,0.14547609276471324,-6.597384764088525,0.25,369.23,4,65.674
664,86.03313246369362,0,18,0.12056837086088813,-6.581269423166911,0.25,369.86,4,65.435
665,85.96987697482109,0,18,0.1189113721823863,-6.596164147059123,0.25,370.37,4,64.807
666,85.88024288415909,0,18,0.13263839388754503,-6.5755221247673035,0.25,371.02,4,66.458
667,85.981753885746,0,18,0.0679193012060245,-6.6039738986227245,0.25,371.59,4,64.685
668,85.84683415293694,0,18,0.09085643342041294,-6.612728642092811,0.25,372.06,4,66.226
669,86.19238471984863,0,18,0.15639767482490344,-6.605284677611457,0.25,372.75,4,66.438
670,85.92347541451454,0,18,0.13501016127459783,-6.617341299851735,0.25,373.25,4,64.849
671,86.15333653986454,0,18,0.10545913694659248,-6.587285975615184,0.25,373.82,4,64.52
672,86.19067412614822,0,18,0.059159684880594594,-6.6193415456348,0.25,374.43,4,66.913
673,85.94157865643501,0,18,0.11315960507878724,-6.591064049137963,0.25,375.06,4,66.789
674,85.97724170982838,0,18,0.13353652923049392,-6.599368340439266,0.25,375.6,4,64.984
675,86.25764974951744,0,18,0.09060473595309304,-6.625326408280267,0.25,376.2,4,66.082
676,86.60406589508057,0,19,0.0961831831492879,-6.617247071984696,0.25,376.71,4,66.835
677,85.97433809936047,0,18,0.09952417428131513,-6.615491853819953,0.25,377.26,4,66.506
678,86.18376010656357,0,19,0.06961847017383624,-6.621913975232268,0.25,377.86,4,65.587
679,85.86872021853924,0,18,0.09651883060198291,-6.597049514452617,0.25,378.48,4,66.392
680,85.98705351352692,0,18,0.1073830743148897,-6.610010776254866,0.25,379.09,4,65.844
681,86.58432051539421,0,19,0.06749011428184705,-6.619515726011094,0.25,379.65,4,67.856
682,86.2081535756588,0,18,0.09754661062470404,-6.628546688291761,0.25,380.09,4,65.334
683,86.17109152674675,0,18,0.10610419107575177,-6.606324752171834,0.25,380.72,4,66.496
684,85.87209105491638,0,18,0.17668083177058078,-6.603288041220771,0.25,381.31,4,65.811
685,86.27226543426514,0,18,0.1359600487642941,-6.614096853468153,0.25,381.76,4,66.514
686,86.20993131399155,0,18,0.10853436086431935,-6.602241145239936,0.25,382.35,4,65.691
687,85.9018342345953,0,18,0.019770403483966623,-6.636411706606547,0.25,382.86,4,66.174
688,86.17962221801281,0,19,0.11088952200793445,-6.619958132913668,0.25,383.31,4,64.19
689,86.03008526563644,0,18,0.10868415487715942,-6.5892594655354815,0.25,383.78,4,64.908
690,85.7681900113821,0,18,0.07819620728777307,-6.602692339155409,0.25,384.38,4,67.126
691,86.27051311731339,0,18,0.06851296025787532,-6.629804929097493,0.25,385.05,4,65.961
692,85.98918303847313,0,18,0.14629441856029896,-6.588209695286221,0.25,385.57,4,65.37
693,86.03219479322433,0,18,0.16282442176210074,-6.594880508051978,0.25,386.15,4,66.564
694,86.13066744804382,0,18,0.07122728531531822,-6.600007997618781,0.25,386.75,4,63.933
695,85.90695910155773,0,18,0.06308437092068037,-6.628293150001102,0.25,387.34,4,65.511
696,86.00673615932465,0,18,0.1308649130110603,-6.610780590110355,0.25,387.93,4,65.104
697,86.08284056186676,0,18,0.1506824412345951,-6.604534579647912,0.25,388.53,4,65.248
698,85.84087891876698,0,18,0.028944143329580483,-6.609839081764221,0.25,389.19,4,66.243
699,86.14253801107407,0,18,0.09989081959146359,-6.604661557409498,0.25,389.78,4,66.239
700,86.28493797779083,0,18,0.08450424358630294,-6.629917628235287,0.25,390.35,4,65.771
701,85.81852951645851,0,18,0.1165887096790862,-6.599250826570723,0.25,390.95,4,65.897
702,85.9440030157566,0,18,0.09694025692402243,-6.613062077098423,0.25,391.43,4,66.238
703,86.18271917104721,0,18,0.14091595500617082,-6.611805717150371,0.25,391.95,4,66.3
704,86.2322244644165,0,18,0.04469915894474576,-6.621648424201542,0.25,392.48,4,65.875
705,86.07179090380669,0,18,0.09186644865419819,-6.617842243777381,0.25,392.92,4,66.244
706,86.17120534181595,0,18,0.14908844630392398,-6.618994699584113,0.25,393.4,4,66.033
707,86.16823315620422,0,18,0.10080154839387331,-6.5977010991838245,0.25,393.93,4,66.435
708,85.94684219360352,0,18,0.05609114034248503,-6.61205589108997,0.25,394.44,4,66.357
709,86.12380012869835,0,18,0.12421223521313449,-6.607440955109066,0.25,394.96,4,65.667
710,86.65933674573898,0,19,0.1444188244397631,-6.585604576215352,0.25,395.51,4,66.048
711,86.1160838007927,0,18,0.10672716449415828,-6.601269986894396,0.25,396.01,4,65.496
712,86.01289463043213,0,18,0.10682650305494058,-6.590808908144633,0.25,396.56,4,65.192
713,86.12319561839104,0,18,0.10224072053016345,-6.587439947658115,0.25,397.07,4,67.657
714,86.45564836263657,0,19,0.10229280481173988,-6.594906467280976,0.25,397.7,4,64.243
715,86.2775230705738,0,18,0.13574475468582628,-6.599225997924805,0.25,398.3,4,65.989
716,86.15000686049461,0,18,0.128408143341302,-6.629103475146824,0.25,398.99,4,65.547
717,86.23341673612595,0,18,0.1402668313890495,-6.603040039539337,0.25,399.58,4,64.521
718,86.09576134383678,0,18,0.07096534661630155,-6.599748088253869,0.25,400.24,4,65.148
719,86.17337965965271,0,18,0.061227824897084955,-6.597996234893799,0.25,400.89,4,65.676
720,86.27384442090988,0,18,0.06116671091957768,-6.597313649124569,0.25,401.45,4,65.74
721,86.215527176857,0,18,0.06283120594525826,-6.619756314489576,0.25,402.13,4,65.517
722,86.25598347187042,0,18,0.054043249619199846,-6.592974079979791,0.25,402.78,4,65.501
723,86.25320303440094,0,18,0.08001605464071165,-6.60776021083196,0.25,403.44,4,65.839
724,86.05263468623161,0,18,0.14966713164176326,-6.611295951737298,0.25,404.1,4,66.424
725,86.18439105153084,0,18,0.08839781529119743,-6.623550898498959,0.25,404.76,4,65.892
726,85.89106650650501,0,18,0.06651529032589881,-6.618079523245494,0.25,405.35,4,67.112
727,86.74378880858421,0,19,0.1200352604807935,-6.629178739573858,0.25,405.9,4,66.439
728,86.2709321975708,0,18,0.02978019412451734,-6.618615335888332,0.25,406.38,4,65.933
729,86.15835502743721,0,18,0.14602593705260208,-6.604213741090563,0.25,406.77,4,66.084
730,85.97616907954216,0,18,0.07893404019099155,-6.606592310799493,0.25,407.32,4,65.66
731,85.9998921006918,0,18,0.1393377480473848,-6.600098133087158,0.25,407.86,4,65.626
732,86.24357035756111,0,18,0.09399921249253869,-6.598505642679003,0.25,408.37,4,65.869
733,86.23890927433968,0,18,0.10828452986202643,-6.604548533757527,0.25,408.93,4,65.286
734,86.2836212515831,0,18,0.06098734630197416,-6.626134090953403,0.25,409.58,4,67.022
735,86.02979737520218,0,18,0.06308150060633327,-6.600842303699917,0.25,410.17,4,65.678
736,86.00095304846764,0,18,0.06900452666660487,-6.605661908785502,0.25,410.71,4,64.854
737,86.15182161331177,0,18,0.12639217963644317,-6.606940839025709,0.25,411.29,4,67.34
738,86.12012693285942,0,18,0.05459397094131822,-6.599606765641107,0.25,411.84,4,65.263
739,85.77688732743263,0,18,0.1405972232023487,-6.6103826893700495,0.25,412.43,4,65.098
740,86.18067175149918,0,18,0.10615893066076548,-6.599599056773716,0.25,413.05,4,64.885
741,86.25425493717194,0,18,0.07226774416914042,-6.592085017098321,0.25,413.7,4,67.382
742,85.82491737604141,0,18,0.09744540935773532,-6.599641482035319,0.25,414.28,4,66.948
743,85.98293721675873,0,18,0.06256572426840042,-6.611978530883789,0.25,414.95,4,66.687
744,85.64951020479202,0,18,0.107358688748516,-6.577454116609362,0.25,415.57,4,66.884
745,86.07935099303722,0,18,0.07978860549782338,-6.570173939069112,0.25,416.09,4,67.736
746,85.82793614268303,0,18,0.08689603443660114,-6.603136976559957,0.25,416.73,4,66.64
747,86.38493371009827,0,19,0.09998924973778019,-6.582682687942296,0.25,417.26,4,65.84
748,86.24443435668945,0,18,0.051089621576870234,-6.598716510666741,0.25,417.81,4,66.372
749,86.26910674571991,0,18,0.08936917303031401,-6.615504357549879,0.25,418.35,4,66.419
750,86.05171716213226,0,18,0.12818803109096027,-6.595498416158888,0.25,418.88,4,65.209
751,86.21155992150307,0,18,0.05225809799432884,-6.608610166443719,0.25,419.54,4,67.29
752,86.24642032384872,0,18,0.08616037254634851,-6.594031678305732,0.25,420.16,4,65.452
753,86.29504925012589,0,18,0.05469968611942022,-6.59327048725552,0.25,420.74,4,66.055
754,85.9118565171957,0,18,0.10503558157021568,-6.598401831256019,0.25,421.27,4,65.828
755,86.1665221452713,0,18,0.0984426050850339,-6.59349990553326,0.25,421.85,4,64.976
756,86.19623562693596,0,18,0.05974783173223841,-6.606711381011539,0.25,422.4,4,66.08
757,86.24523741006851,0,18,0.12652698830465348,-6.6000763111644325,0.25,422.93,4,66.375
758,86.21474203467369,0,18,0.08798325552116795,-6.599938134352366,0.25,423.48,4,66.287
759,86.11346682906151,0,18,0.07888997622851296,-6.597606996695201,0.25,424.03,4,65.827
760,86.17337796092033,0,18,0.06875222402797793,-6.59892596801122,0.25,424.6,4,67.649
761,86.06461951136589,0,18,0.14064608928270494,-6.60883426003986,0.25,425.15,4,66.575
762,86.00210294127464,0,18,0.13335540870967735,-6.574499163362715,0.25,425.73,4,65.231
763,85.7506849616766,0,19,0.06790924401856538,-6.59208881038509,0.25,426.3,4,67.114
764,85.97434562444687,0,19,0.11625361933982102,-6.590075636563236,0.25,426.98,4,65.65
765,85.95674774050713,0,18,0.10409626232042986,-6.601751526196797,0.25,427.54,4,65.912
766,86.19847309589386,0,18,0.08896499163044307,-6.601765738593207,0.25,428.02,4,66.006
767,86.04811710119247,0,18,0.09555146665984972,-6.593130217658149,0.25,428.64,4,67.308
768,85.87966364622116,0,18,0.1615848143224462,-6.585480100578732,0.25,429.18,4,65.493
769,86.02042844891548,0,18,0.08182645442906909,-6.600118908617231,0.25,429.8,4,66.099
770,86.030149102211,0,18,0.04249202216508113,-6.613244268629286,0.25,430.32,4,66.137
771,85.96429605782032,0,18,0.05575677671145564,-6.614203426573011,0.25,430.93,4,65.138
772,85.98657837510109,0,18,0.10460352984793847,-6.587282121181488,0.25,431.59,4,65.115
773,86.03052431344986,0,18,0.09298901337953996,-6.584357506699032,0.25,432.16,4,66.31
774,86.15917533636093,0,18,0.06581615555559336,-6.612723184956445,0.25,432.72,4,64.95
775,86.18261057138443,0,18,0.08853738443253355,-6.5894087884161205,0.25,433.3,4,65.038
776,86.17194874584675,0,18,0.08181640525799594,-6.605577568213145,0.25,433.93,4,66.144
777,86.18423068523407,0,18,0.04300946542914769,-6.604868670304616,0.25,434.47,4,66.651
778,86.14605376124382,0,18,0.04059103231621622,-6.624173720677693,0.25,435.06,4,66.971
779,86.21186777949333,0,18,0.08272382597998432,-6.5844443043073015,0.25,435.66,4,66.668
780,86.21750259399414,0,18,0.16218129061477762,-6.61193174123764,0.25,436.26,4,66.18
781,86.21706008911133,0,18,0.10304472638866476,-6.594856792026096,0.25,436.83,4,65.647
782,86.22234454751015,0,18,0.03544747806760521,-6.592126588026683,0.25,437.37,4,65.116
783,86.2648968398571,0,18,0.07022744589004207,-6.608083572652605,0.25,437.89,4,65.777
784,86.25259014964104,0,18,0.06310610244407952,-6.589632431666057,0.25,438.52,4,65.314
785,86.13018491864204,0,18,0.09635615295883326,-6.600812276204427,0.25,439.01,4,65.786
786,85.94775852560997,0,18,0.10645055999541203,-6.606502837604946,0.25,439.52,4,64.594
787,86.22792473435402,0,18,0.11646009913602029,-6.5950780974494085,0.25,440.1,4,64.15
788,85.9525083899498,0,18,0.15021499401821833,-6.5928225252363415,0.25,440.55,4,63.843
789,86.02394244074821,0,18,0.10564471751422388,-6.6250373588667975,0.25,441.08,4,65.218
790,86.04860159754753,0,18,0.09303932900931816,-6.597174041801029,0.25,441.67,4,66.691
791,86.26455184817314,0,18,0.10486593398430462,-6.614437606599596,0.25,442.23,4,66.774
792,86.50595143437386,0,19,0.09093871871479914,-6.587111211802862,0.25,442.76,4,65.26
793,86.10869508981705,0,18,0.05977339526564012,-6.613762895266215,0.25,443.24,4,67.166
794,85.96025578677654,0,18,0.07388253765687598,-6.628135641415914,0.25,443.74,4,66.299
795,86.20524799823761,0,18,0.08600333451330597,-6.611657579739888,0.25,444.23,4,66.704
796,85.93959107995033,0,18,0.058180030370446424,-6.6119745704862805,0.25,444.62,4,67.413
797,86.14401093125343,0,18,0.10212607517435875,-6.597465568118626,0.25,445.08,4,67.0
798,86.16527783870697,0,18,0.07947539850708078,-6.605221774843004,0.25,445.67,4,65.815
799,86.29928666353226,0,18,0.08174909117587958,-6.597222831514147,0.25,446.19,4,66.587
800,86.17058038711548,0,18,0.08282430890297594,-6.602762116326226,0.25,446.73,4,66.019
801,86.1423014998436,0,18,0.06999772710494451,-6.6081432236565485,0.25,447.35,4,64.684
802,86.25528439879417,0,18,0.06624302657211148,-6.6117404037051735,0.25,447.99,4,66.354
803,86.22366473078728,0,18,0.1411265389494171,-6.618243204222785,0.25,448.61,4,65.47
804,86.31824159622192,0,18,0.08041622786792384,-6.614699138535394,0.25,449.13,4,66.227
805,86.2657168507576,0,18,0.07230477685778977,-6.60656378004286,0.25,449.58,4,64.49
806,86.16173765063286,0,18,0.07828400793348717,-6.617280231581794,0.25,450.07,4,65.796
807,86.2187374830246,0,18,0.11994247070449798,-6.622840245564778,0.25,450.6,4,67.325
808,86.3126385807991,0,18,0.15076693458629759,-6.615382419692145,0.25,451.0,4,66.88
809,86.2760129570961,0,18,0.071880187014459,-6.600910955005222,0.25,451.52,4,66.348
810,86.22895407676697,0,18,0.09637411351124886,-6.610436730914646,0.25,452.09,4,65.901
811,86.28612017631531,0,18,0.07810524724381038,-6.622471610705058,0.25,452.65,4,66.089
812,86.07638455927372,0,18,0.10323139079082466,-6.605259352260166,0.25,453.17,4,65.194
813,86.21873059868813,0,18,0.02793308551614852,-6.611765993965997,0.25,453.75,4,66.146
814,86.24817922711372,0,18,0.08382351849690571,-6.631901754273309,0.25,454.29,4,66.631
815,86.1574190557003,0,18,0.08474195740038543,-6.6126798788706465,0.25,454.81,4,65.104
816,86.12464338541031,0,18,0.07780786999905508,-6.619180387920803,0.25,455.35,4,66.245
817,86.11496058106422,0,18,0.07074254508713945,-6.609460406833225,0.25,455.85,4,66.085
818,85.90382373332977,0,18,0.07397000004008684,-6.593422174453735,0.25,456.39,4,66.153
819,86.1575602889061,0,18,0.0852799400616075,-6.608899633089702,0.25,456.9,4,66.28
820,86.1633175611496,0,18,0.11387997415658901,-6.597562962108189,0.25,457.41,4,66.232
821,86.31824159622192,0,18,0.08106980925205992,-6.604983435736762,0.25,458.03,4,67.47
822,86.0342407822609,0,18,0.10692778226439259,-6.605991005897522,0.25,458.53,4,66.97
823,86.1430938988924,0,18,0.12713094427454052,-6.592714852756924,0.25,459.05,4,65.321
824,86.19319859147072,0,18,0.04938893349188018,-6.593925449583265,0.25,459.59,4,65.148
825,86.27250275015831,0,18,0.04322987168133194,-6.610005166795519,0.25,460.22,4,65.181
826,86.05027976632118,0,18,0.05844572529895231,-6.600983010398017,0.25,460.88,4,67.563
827,86.09556029736996,0,18,0.06546930437899492,-6.587951792611016,0.25,461.54,4,65.549
828,86.15562234818935,0,18,0.03270168355286134,-6.613221804300944,0.25,462.12,4,65.895
829,86.24459290504456,0,18,0.1048635113305257,-6.606820397906834,0.25,462.74,4,66.012
830,86.3162584900856,0,18,0.139739933758392,-6.596544199519688,0.25,463.25,4,65.647
831,85.71460036933422,0,18,0.030893959947813226,-6.617961605389913,0.25,463.8,4,65.257
832,86.28259176015854,0,18,0.07647275085603017,-6.599381711747911,0.25,464.39,4,65.536
833,86.20198476314545,0,18,0.086132049290528,-6.622488776842753,0.25,465.01,4,64.76
834,85.98841431736946,0,18,0.03758069400343326,-6.62185267607371,0.25,465.6,4,65.724
835,86.08413967490196,0,18,0.0707462402428468,-6.617362048890856,0.25,466.24,4,66.025
836,86.20200371742249,0,18,0.09139513468714237,-6.605358468161689,0.25,466.84,4,66.68
837,86.24506324529648,0,18,0.06770222906238309,-6.597503821055095,0.25,467.37,4,64.967
838,86.24368917942047,0,18,0.07655076058735075,-6.619341638353136,0.25,467.77,4,65.622
839,86.19437158107758,0,18,0.04846880308307138,-6.629208392567104,0.25,468.28,4,65.534
840,86.31824159622192,0,18,0.10704772536317048,-6.611196968290541,0.25,468.75,4,66.017
841,85.8308492898941,0,18,0.09983481449186608,-6.609192437595791,0.25,469.34,4,64.744
842,86.18382078409195,0,18,0.060456414646978374,-6.603253629472521,0.25,469.9,4,66.781
843,86.31739044189453,0,18,0.071506824161285,-6.589928256140815,0.25,470.45,4,65.524
844,86.28287959098816,0,18,0.03984474452509959,-6.59425429503123,0.25,470.88,4,65.69
845,86.24134242534637,0,18,0.1160704330411843,-6.5875432756212025,0.25,471.45,4,65.443
846,86.00761333107948,0,18,0.10444962605409576,-6.6004558801651,0.25,471.92,4,65.593
847,86.2020320892334,0,18,0.07291498455439675,-6.609806577364604,0.25,472.42,4,65.848
848,86.21218040585518,0,18,0.09188241839466274,-6.623435934384664,0.25,472.98,4,66.76
849,86.0557744204998,0,18,0.06372116320886158,-6.617318895128038,0.25,473.57,4,66.15
850,86.31824159622192,0,18,0.0583702368225608,-6.614487316873339,0.25,474.1,4,65.652
851,85.75471472740173,0,18,0.04815000253600172,-6.604705995983547,0.25,474.77,4,65.912
852,86.21920970082283,0,18,0.04390875702180589,-6.636111617088318,0.25,475.35,4,64.387
853,86.10475595295429,0,18,0.041854286846298945,-6.634773373603821,0.25,475.89,4,65.194
854,86.11446058750153,0,18,0.06301032163092815,-6.6129613982306585,0.25,476.42,4,65.721
855,86.27547770738602,0,18,0.05041959331881824,-6.622315737936232,0.25,476.99,4,65.672
856,86.14694830775261,0,18,0.06885212847636366,-6.605921771791246,0.25,477.63,4,65.115
857,86.11214992403984,0,18,0.1114958039648223,-6.628131773736742,0.25,478.2,4,65.423
858,86.27170127630234,0,18,0.142442462118197,-6.589601927333408,0.25,478.73,4,64.547
859,86.13095670938492,0,18,0.04748662787096691,-6.637024495336744,0.25,479.25,4,66.386
860,86.22599199414253,0,18,0.0595911011108304,-6.609117494689094,0.25,479.91,4,66.904
861,86.12957763671875,0,18,0.017367895055334277,-6.6119165023167925,0.25,480.52,4,66.086
862,86.27786856889725,0,18,0.09801373517257161,-6.623670591248406,0.25,480.98,4,67.474
863,86.27496922016144,0,18,0.12326987998595643,-6.590260254012214,0.25,481.54,4,65.957
864,86.12578958272934,0,18,0.0827513744358536,-6.6210132175021705,0.25,482.01,4,65.954
865,86.19974276423454,0,18,0.0683247942191277,-6.617055826716953,0.25,482.52,4,66.05
866,86.27331376075745,0,18,0.06583602273753462,-6.600298338466221,0.25,483.01,4,66.054
867,85.79369583725929,0,18,0.16100858479977534,-6.605997814072503,0.25,483.55,4,65.063
868,85.87558384239674,0,18,0.06782603202453982,-6.638819416364034,0.25,484.14,4,66.226
869,86.12387457489967,0,18,0.07546224633087048,-6.631412651803759,0.25,484.67,4,66.28
870,86.31824159622192,0,18,0.07711692853162175,-6.604729758368598,0.25,485.28,4,66.51
871,86.1012451350689,0,18,0.1059008437849924,-6.642264710532294,0.25,485.81,4,66.605
872,86.01696673035622,0,18,0.06557549038512257,-6.6450664334827,0.25,486.26,4,64.327
873,86.2167749106884,0,18,0.08425269249588989,-6.609666241539849,0.25,486.71,4,65.671
874,85.98710325360298,0,18,0.1018462058901706,-6.62654725710551,0.25,487.24,4,66.094
875,86.09395807981491,0,18,0.060294051025670745,-6.615824381510417,0.25,487.7,4,66.591
876,86.29362511634827,0,18,0.0998678976247902,-6.6245693233278065,0.25,488.26,4,66.242
877,85.90338869392872,0,18,0.13660923201961042,-6.633023791842991,0.25,488.84,4,65.964
878,86.22320330142975,0,18,0.06843522275893418,-6.623569091161092,0.25,489.35,4,66.72
879,86.29931622743607,0,18,0.06186315129020335,-6.635408865080939,0.25,489.97,4,66.04
880,86.26492762565613,0,18,0.11709811491487522,-6.622382548120287,0.25,490.63,4,65.94
881,86.28160238265991,0,18,0.13391825813555946,-6.618186593055725,0.25,491.2,4,65.874
882,86.21647840738297,0,18,0.049684085811653254,-6.629254341125488,0.25,491.73,4,65.263
883,86.03413018584251,0,18,0.08548385766819895,-6.627620485093859,0.25,492.28,4,67.009
884,86.06509438157082,0,18,0.08500173467129774,-6.619718644354078,0.25,492.87,4,66.765
885,86.16793420910835,0,18,0.11800643219501378,-6.619928386476305,0.25,493.3,4,65.726
886,86.30814057588577,0,18,0.07434270348676364,-6.634463058577643,0.25,493.93,4,65.652
887,86.06930749118328,0,18,0.12499643545743311,-6.596496211157905,0.25,494.55,4,64.51
888,85.96855543553829,0,18,0.07514987526640955,-6.625711401303609,0.25,495.17,4,66.129
889,86.09850972890854,0,18,0.02782634961921657,-6.619578931066725,0.25,495.84,4,66.278
890,86.24449256062508,0,18,0.10055038530824983,-6.6100887060165405,0.25,496.33,4,68.1
891,85.96300292015076,0,18,0.0673607201994552,-6.61167127556271,0.25,496.92,4,66.696
892,86.16754284501076,0,18,0.06544702209875039,-6.645798285802205,0.25,497.47,4,66.752
893,86.2717253267765,0,18,0.12883469979957832,-6.606236245897081,0.25,497.99,4,66.471
894,86.10516014695168,0,18,0.0949861827987964,-6.642037471135457,0.25,498.49,4,65.444
895,86.26675200462341,0,18,0.08394371616749494,-6.593796226713392,0.25,499.05,4,65.261
896,86.28336137533188,0,18,0.054728016639273847,-6.620649801360236,0.25,499.61,4,66.849
897,85.98188471794128,0,18,0.04906062903319253,-6.624245882034302,0.25,500.15,4,65.395
898,86.18959826231003,0,18,0.08185688579841452,-6.616814600096808,0.25,500.72,4,64.375
899,86.20818015933037,0,18,0.04001102418078517,-6.599718650182088,0.25,501.2,4,64.262
900,86.17311573028564,0,18,0.15427984838283415,-6.620252887407939,0.25,501.73,4,66.304
901,85.9568581879139,0,18,0.1006363940491105,-6.631986737251282,0.25,502.3,4,67.159
902,86.187520429492,0,18,0.03600881067500773,-6.607853862974379,0.25,502.82,4,65.069
903,86.26444923877716,0,18,0.09272185034044217,-6.619936638408237,0.25,503.35,4,66.581
904,86.00583803653717,0,18,0.10521836044386469,-6.619632562001546,0.25,503.9,4,67.297
905,86.23215892910957,0,18,0.08344435989096786,-6.577726483345032,0.25,504.44,4,65.591
906,86.17581593990326,0,18,0.12667422739953813,-6.604435006777446,0.25,504.95,4,66.077
907,85.78828129172325,0,18,0.09505461098079751,-6.625178005960253,0.25,505.44,4,65.898
908,86.00680346786976,0,18,0.08220979209929485,-6.613173537784153,0.25,505.96,4,66.92
909,86.26428961753845,0,18,0.060495858284007734,-6.614038215743171,0.25,506.54,4,65.436
910,85.98880536854267,0,18,0.1188733445572628,-6.635175863901774,0.25,507.09,4,65.577
911,85.93030381202698,0,18,0.0509690678866011,-6.608541303210789,0.25,507.58,4,65.883
912,86.18559716641903,0,18,0.06011649325490806,-6.611539668507046,0.25,508.09,4,65.964
913,86.07988533377647,0,18,0.1039104140575849,-6.615651369094849,0.25,508.62,4,65.084
914,86.20332103967667,0,18,0.09626678729990898,-6.6092753410339355,0.25,509.08,4,66.041
915,86.09653869271278,0,18,0.06025807062239134,-6.603205707338121,0.25,509.57,4,64.919
916,86.11078430712223,0,18,0.07666596130487353,-6.644014027383593,0.25,510.12,4,65.939
917,86.27186173200607,0,18,0.03975729587404607,-6.621423641840617,0.25,510.7,4,66.77
918,86.22508156299591,0,18,0.03942478697899787,-6.61673088868459,0.25,511.16,4,66.381
919,86.09940756857395,0,18,0.0657503995183409,-6.629582974645826,0.25,511.69,4,64.958
920,86.27968993782997,0,18,0.03968336595385659,-6.628100448184544,0.25,512.15,4,65.398
921,86.12912595272064,0,18,0.06172035971909887,-6.614202817281087,0.25,512.68,4,66.137
922,86.26207450032234,0,18,0.05983376949552621,-6.640886558426751,0.25,513.15,4,66.732
923,86.0486658513546,0,18,0.05554636565850362,-6.637654238277012,0.25,513.6,4,65.592
924,86.25805899500847,0,18,0.08617324403126582,-6.616297231780158,0.25,514.09,4,66.595
925,86.16489863395691,0,18,0.09879255252760938,-6.6119389401541815,0.25,514.55,4,66.228
926,86.175133228302,0,18,0.0803492264874674,-6.626577470037672,0.25,515.06,4,65.628
927,86.19806084036827,0,18,0.10657959856042806,-6.601710067854987,0.25,515.66,4,65.82
928,86.31824159622192,0,18,0.05419313210869506,-6.61918662654029,0.25,516.2,4,65.114
929,86.18060883879662,0,18,0.10145884330369073,-6.610995160208808,0.25,516.71,4,66.839
930,86.18872132897377,0,18,0.11049055868756517,-6.615188029077318,0.25,517.21,4,65.414
931,86.20637664198875,0,18,0.08517554884423993,-6.622451941172282,0.25,517.69,4,64.493
932,86.0681037157774,0,18,0.04977113510277478,-6.6187324788835316,0.25,518.2,4,66.686
933,86.08467146754265,0,18,0.07704976680057977,-6.634262111451891,0.25,518.69,4,66.272
934,86.24293351173401,0,18,0.06967226445683788,-6.60119644800822,0.25,519.31,4,66.472
935,86.18235969543457,0,18,0.07756985166735023,-6.624966131316291,0.25,519.86,4,66.209
936,86.2248729467392,0,18,0.07229241132578561,-6.626318653424581,0.25,520.41,4,66.608
937,86.28597867488861,0,18,0.045192477422662906,-6.613602876663208,0.25,520.93,4,64.964
938,86.17188549041748,0,18,0.055990795021191135,-6.624978105227153,0.25,521.55,4,64.456
939,86.25409573316574,0,18,0.0901006403562658,-6.632312893867493,0.25,522.05,4,67.368
940,86.07071667909622,0,18,0.05966385643296235,-6.607963217629327,0.25,522.64,4,65.243
941,86.17377611994743,0,18,0.019179097339575592,-6.624503519799974,0.25,523.27,4,65.113
942,86.00889587402344,0,18,0.06446584677602611,-6.614875753720601,0.25,523.81,4,65.989
943,86.1619952917099,0,18,0.040756029011794856,-6.617688563134935,0.25,524.32,4,65.779
944,86.15332075953484,0,18,0.06072053250095956,-6.621068252457513,0.25,524.86,4,66.432
945,86.18430298566818,0,18,0.10766447617829221,-6.60605169667138,0.25,525.4,4,66.881
946,86.15483245253563,0,18,0.06371738396612475,-6.628811611069573,0.25,525.98,4,65.555
947,85.95873674750328,0,18,0.07006828352415242,-6.631104985872905,0.25,526.5,4,67.667
948,86.30192059278488,0,18,0.049118818401540115,-6.633366558286879,0.25,527.06,4,66.681
949,86.16670122742653,0,18,0.03622156231520219,-6.606464015112983,0.25,527.6,4,66.371
950,86.17804312705994,0,18,0.16324774991032123,-6.634815282291836,0.25,528.17,4,67.751
951,86.16746558248997,0,18,0.11707260761815835,-6.6269644896189375,0.25,528.71,4,65.302
952,85.92386150360107,0,18,0.09167771691863891,-6.622061954604255,0.25,529.19,4,64.895
953,86.19829253852367,0,18,0.0703859916470214,-6.630855348375109,0.25,529.8,4,65.671
954,86.09888526797295,0,18,0.049591549488266336,-6.6041856739256115,0.25,530.28,4,65.135
955,86.20288559794426,0,18,0.10110026604080405,-6.600338816642761,0.25,530.88,4,65.312
956,86.12505027651787,0,18,0.09726303682732072,-6.628706455230713,0.25,531.49,4,66.681
957,86.11457201838493,0,18,0.10640039583288147,-6.620917214287652,0.25,532.03,4,66.609
958,85.99121315777302,0,18,0.0522491868533608,-6.6137542724609375,0.25,532.6,4,65.618
959,86.13510778546333,0,18,0.11768704922845548,-6.598239024480184,0.25,533.16,4,66.421
960,86.15209993720055,0,18,0.05536616634405315,-6.6000562641355724,0.25,533.66,4,65.421
961,86.2426707148552,0,18,0.03919308445215898,-6.61657808886634,0.25,534.22,4,66.077
962,86.16449508070946,0,18,0.0841211000826863,-6.625670287344191,0.25,534.62,4,65.756
963,86.1159679889679,0,18,0.06639353326075555,-6.633393102222019,0.25,535.17,4,66.155
964,86.28941547870636,0,18,0.09172352861767447,-6.60764393541548,0.25,535.61,4,66.078
965,86.2939305305481,0,18,0.08857604071171307,-6.641623483763801,0.25,536.24,4,65.238
966,86.17025750875473,0,18,0.08530086407133947,-6.631525834401448,0.25,536.81,4,65.119
967,86.07352356612682,0,18,0.07183234989376312,-6.624931706322564,0.25,537.37,4,65.946
968,86.28381878137589,0,18,0.014207412675912363,-6.628703978326586,0.25,537.96,4,65.684
969,86.1347074508667,0,18,0.029023304412071918,-6.611786590682136,0.25,538.45,4,66.89
970,86.15408664941788,0,18,0.07931611864559171,-6.604369375440809,0.25,538.95,4,65.375
971,86.21046233177185,0,18,0.055972496067827,-6.61851688226064,0.25,539.46,4,66.593
972,86.31476467847824,0,18,0.08617287173627927,-6.613666123814053,0.25,540.02,4,66.112
973,86.13281920552254,0,18,0.10014511124245473,-6.596528132756551,0.25,540.58,4,67.937
974,86.22747755050659,0,18,0.02381574488915956,-6.6210388607449,0.25,541.07,4,66.894
975,86.14289245009422,0,18,0.08977688955443834,-6.608335653940837,0.25,541.56,4,66.872
976,86.03379680216312,0,18,0.05518648913211008,-6.605543639924791,0.25,542.13,4,65.332
977,86.00437320768833,0,18,0.09510349013463484,-6.611229485935635,0.25,542.65,4,66.784
978,86.2682363986969,0,18,0.0558282939148032,-6.626676122347514,0.25,543.26,4,64.333
979,86.0804844647646,0,18,0.07064528572866241,-6.6086509227752686,0.25,543.74,4,66.675
980,86.15437825024128,0,18,0.06539041187231003,-6.61459023422665,0.25,544.32,4,65.405
981,86.24183622002602,0,18,0.09541655611933998,-6.606197555859883,0.25,544.94,4,65.92
982,86.25194782018661,0,18,0.10692743375936213,-6.605456246270074,0.25,545.38,4,66.086
983,86.16585895419121,0,18,0.10684507820446419,-6.620744546254476,0.25,545.88,4,65.908
984,86.29563271999359,0,18,0.1268138741106668,-6.609853943188985,0.25,546.4,4,66.169
985,85.91583590209484,0,18,0.036921431886993455,-6.635631216896905,0.25,546.93,4,65.704
986,86.15329423546791,0,18,0.06320933950013972,-6.631739417711894,0.25,547.45,4,65.09
987,86.28966170549393,0,18,0.056232229493414505,-6.617711345354716,0.25,548.03,4,64.979
988,85.87262751162052,0,18,0.0720540360822876,-6.612880905469258,0.25,548.55,4,65.954
989,85.97144512832165,0,18,0.04337162416625991,-6.609274837705824,0.25,549.12,4,67.092
990,86.19417160749435,0,18,0.11395146142482797,-6.597840666770935,0.25,549.6,4,66.781
991,86.05981567502022,0,18,0.06045959177208715,-6.626796735657586,0.25,550.17,4,66.976
992,85.98828423023224,0,18,0.08676259813586916,-6.614097581969367,0.25,550.8,4,66.524
993,86.1660524904728,0,18,0.11507908361656721,-6.608435895707872,0.25,551.42,4,66.431
994,86.10531370341778,0,18,0.05974234002173438,-6.618404560618931,0.25,551.99,4,65.966
995,86.01081681251526,0,18,0.07499187304023912,-6.611384948094686,0.25,552.56,4,65.141
996,86.10965076088905,0,18,0.06896568961817845,-6.613618082470364,0.25,553.12,4,67.006
997,86.08945629000664,0,18,0.0996105979736765,-6.622361765967475,0.25,553.75,4,67.486
998,86.29688555002213,0,18,0.0551876238540798,-6.6205335060755415,0.25,554.37,4,65.201
999,86.21259757876396,0,18,0.058078688426475206,-6.619995315869649,0.25,554.99,4,66.192
1000,85.76299953460693,0,18,0.05417669622854899,-6.621782117419773,0.25,555.62,4,65.942
1001,85.76523427665234,0,18,0.0891422720968775,-6.595125436782837,0.25,556.32,4,66.592
1002,86.22197836637497,0,18,0.07959937105786391,-6.610506812731425,0.25,556.93,4,66.048
1003,86.23528549075127,0,18,0.04898475268823353,-6.647624108526442,0.25,557.59,4,65.748
1004,86.27962815761566,0,18,0.0475874585338008,-6.629704051547581,0.25,558.13,4,67.576
1005,86.30476260185242,0,18,0.060767379000430485,-6.610406385527717,0.25,558.65,4,65.565
1006,86.27576911449432,0,18,0.05289670131524973,-6.611312919192844,0.25,559.2,4,66.412
1007,86.23955565690994,0,18,0.07282987996263222,-6.613389439053005,0.25,559.71,4,67.307
1008,86.076730966568,0,18,0.033624263009793744,-6.602977567248875,0.25,560.15,4,66.324
1009,86.31408363580704,0,18,0.06892611210686381,-6.6237169239256115,0.25,560.58,4,66.305
1010,86.24837589263916,0,18,0.049825979582642,-6.605111042658488,0.25,561.13,4,67.52
1011,86.19428712129593,0,18,0.06079965071856148,-6.6018805503845215,0.25,561.66,4,65.922
1012,86.19195774197578,0,18,0.08562548793553207,-6.612495925691393,0.25,562.12,4,64.889
1013,86.0854733735323,0,18,0.09186508063430665,-6.609303222762214,0.25,562.59,4,66.092
1014,86.23033237457275,0,18,0.020281137053542706,-6.606366793314616,0.25,563.07,4,65.476
1015,86.14415660500526,0,18,0.05552091019732567,-6.605467531416151,0.25,563.65,4,65.792
1016,86.12631638348103,0,18,0.0811018681569193,-6.587397654851277,0.25,564.17,4,65.691
1017,86.2831084728241,0,18,0.0901740755414519,-6.61258249812656,0.25,564.77,4,64.753
1018,86.14594978094101,0,18,0.0927145165644308,-6.593846215142144,0.25,565.17,4,66.136
1019,86.16879191994667,0,18,0.07032111322930884,-6.604138665729099,0.25,565.74,4,66.25
1020,86.1761746108532,0,18,0.1877399376381719,-6.6192493836085005,0.25,566.19,4,65.137
1021,86.23195391893387,0,18,0.08287357804268443,-6.641057809193929,0.25,566.78,4,66.959
1022,86.28325259685516,0,18,0.049155496850693856,-6.620422283808391,0.25,567.31,4,66.139
1023,86.14197933673859,0,18,0.12284673082204892,-6.611708694034153,0.25,567.87,4,65.542
1024,86.27371144294739,0,18,0.08816063188108576,-6.617291185590956,0.25,568.45,4,66.164
1025,86.18919399380684,0,18,0.07667193739851225,-6.589132772551642,0.25,569.01,4,65.878
1026,86.2723885178566,0,18,0.09635176180260412,-6.626635326279534,0.25,569.67,4,66.23
1027,86.23028355836868,0,18,0.051579312024437565,-6.608387629191081,0.25,570.27,4,67.122
1028,86.07320031523705,0,18,0.04235555539606947,-6.628258811102973,0.25,570.85,4,65.624
1029,86.18521162867546,0,18,0.08435371264244572,-6.605736917919582,0.25,571.4,4,66.658
1030,86.23993167281151,0,18,0.06980962803491922,-6.637314995129903,0.25,571.95,4,65.331
1031,86.11459612846375,0,18,0.06591829033075353,-6.625205741988288,0.25,572.56,4,65.977
1032,86.25480702519417,0,18,0.06227053376723132,-6.6059309641520185,0.25,573.05,4,65.718
1033,86.1769648194313,0,18,0.10011404005066045,-6.613449427816603,0.25,573.45,4,66.745
1034,86.12235677242279,0,18,0.054651328262379034,-6.6104646523793535,0.25,573.95,4,65.32
1035,86.06171077489853,0,18,0.06252404257065791,-6.624466048346625,0.25,574.47,4,66.581
1036,86.06276422739029,0,18,0.11002948762203839,-6.604389256901211,0.25,574.91,4,65.351
1037,86.1623210310936,0,18,0.11238761973517183,-6.618391222423977,0.25,575.47,4,65.817
1038,86.19300353527069,0,18,0.06161977587746353,-6.604565858840942,0.25,576.05,4,65.954
1039,86.14530512690544,0,18,0.0558959028413584,-6.62655704551273,0.25,576.65,4,66.233
1040,86.12876084446907,0,18,0.06778049320685871,-6.611554132567512,0.25,577.09,4,64.941
1041,86.239193379879,0,18,0.03974200010725326,-6.617126610543993,0.25,577.66,4,64.893
1042,86.0595488846302,0,18,0.0679534143012764,-6.619321703910828,0.25,578.14,4,64.781
1043,86.2954164147377,0,18,0.09034551196863402,-6.629105899069044,0.25,578.61,4,65.596
1044,86.19960065186024,0,18,0.06286833816355081,-6.592965682347615,0.25,579.08,4,65.42
1045,85.98029682040215,0,18,0.029017388807915268,-6.6308342880672875,0.25,579.57,4,66.866
1046,86.25216501951218,0,18,0.07129123592070148,-6.62111837334103,0.25,580.26,4,66.114
1047,86.13465282320976,0,18,0.0335230252664284,-6.617928451961941,0.25,580.85,4,63.835
1048,86.18733379244804,0,18,0.057093034888263595,-6.621832370758057,0.25,581.45,4,65.247
1049,86.0760193169117,0,18,0.04675984567802516,-6.622605774137709,0.25,581.92,4,65.737
1050,86.01834565401077,0,18,0.08779613071864231,-6.600750499301487,0.25,582.49,4,65.346
1051,86.08508823812008,0,18,0.05529561950869619,-6.623052265908983,0.25,583.24,4,66.364
1052,86.05983439087868,0,18,0.011799549110744718,-6.6230281591415405,0.25,583.83,4,66.197
1053,86.02708154916763,0,18,0.10119700410804297,-6.651526437865363,0.25,584.36,4,65.959
1054,86.12584871053696,0,18,0.03310182147338815,-6.63785281446245,0.25,584.94,4,66.209
1055,86.20952782034874,0,18,0.12158313443008713,-6.594701753722297,0.25,585.58,4,66.234
1056,85.9094373434782,0,18,0.11017617774753792,-6.618069026205275,0.25,586.17,4,66.252
1057,86.16320061683655,0,18,0.10110502015171126,-6.61630396048228,0.25,586.77,4,65.876
1058,86.258504986763,0,18,0.06522183443990394,-6.633270488844977,0.25,587.38,4,65.97
1059,85.95288521051407,0,18,0.07998221073749948,-6.612076044082642,0.25,587.92,4,65.281
1060,86.239910364151,0,18,0.04420847067982928,-6.626919216579861,0.25,588.4,4,66.157
1061,86.12852355837822,0,18,0.08522318010909657,-6.6361252599292335,0.25,588.92,4,66.415
1062,86.11833557486534,0,18,0.1055446356044235,-6.616820202933417,0.25,589.46,4,66.32
1063,86.13004593551159,0,18,0.0655448352230855,-6.6116549306445656,0.25,589.98,4,65.484
1064,86.17537999153137,0,18,0.03729903675735437,-6.617618931664361,0.25,590.54,4,65.781
1065,85.98674023151398,0,18,0.03634204619447701,-6.636081920729743,0.25,591.13,4,67.051
1066,86.13638335466385,0,18,0.10461405979852618,-6.640063961346944,0.25,591.72,4,66.394
1067,86.2042626440525,0,18,0.06286873122674781,-6.627180814743042,0.25,592.23,4,65.965
1068,86.3179839849472,0,18,0.04361111982325383,-6.607382350497776,0.25,592.72,4,65.358
1069,85.951720058918,0,18,0.04024797493851414,-6.61926007270813,0.25,593.25,4,66.54
1070,86.3158415555954,0,18,0.08176772227509194,-6.614978048536512,0.25,593.84,4,65.402
1071,86.11704578995705,0,18,0.014646061665795665,-6.628554410404629,0.25,594.57,4,65.622
1072,86.29578346014023,0,18,0.049251263837908885,-6.614933133125305,0.25,595.25,4,65.633
1073,86.17673829197884,0,18,0.09548844880696884,-6.606679651472303,0.25,595.88,4,67.101
1074,85.95577317476273,0,18,0.10210130432096776,-6.639316399892171,0.25,596.57,4,65.733
1075,86.14971977472305,0,18,0.039141928895737185,-6.620243787765503,0.25,597.32,4,66.085
1076,86.17698445916176,0,18,0.08172949216734399,-6.621738407346937,0.25,598.2,4,66.594
1077,86.18173772096634,0,18,0.02904917875427297,-6.626223431693183,0.25,599.01,4,67.252
1078,86.15051639080048,0,18,0.07987609926345209,-6.617689715491401,0.25,599.78,4,65.722
1079,86.21263241767883,0,18,0.03450920143061214,-6.630403055085076,0.25,600.52,4,65.868
1080,86.28186506032944,0,18,0.09146009474210991,-6.609503772523668,0.25,601.26,4,66.95
1081,86.21716451644897,0,18,0.05659239228387176,-6.632842010921902,0.25,602.05,4,65.48
1082,86.06889718770981,0,18,0.06150538059430093,-6.632961776521471,0.25,602.68,4,65.595
1083,85.9488745033741,0,18,0.03465689227828585,-6.630622797542149,0.25,603.41,4,66.742
1084,86.180106818676,0,18,0.10443739434433358,-6.617698881361219,0.25,604.21,4,66.105
1085,86.2332683801651,0,18,0.03591613784758212,-6.638485219743517,0.25,604.79,4,66.253
1086,86.31245774030685,0,18,0.08620455014574367,-6.616371194521586,0.25,605.41,4,66.089
1087,86.04005986452103,0,18,0.08410540255560288,-6.615375028716193,0.25,606.24,4,65.351
1088,86.1341238617897,0,18,0.10758393438825603,-6.62368196911282,0.25,606.97,4,65.319
1089,86.19016367197037,0,19,0.06731008887426507,-6.622502764610395,0.25,607.64,4,65.826
1090,86.08660279214382,0,18,0.08882747214637574,-6.62146931886673,0.25,608.26,4,65.602
1091,86.66119959950447,0,19,0.055150930052511524,-6.6465751177644075,0.25,608.9,4,65.992
1092,86.1448223888874,0,18,0.0429409890051223,-6.6451195743348865,0.25,609.42,4,67.201
1093,85.76886023581028,0,18,0.10214379817585319,-6.623288710912068,0.25,610.08,4,64.962
1094,86.01579947769642,0,18,0.07909481350341391,-6.642186495992872,0.25,610.56,4,65.198
1095,86.07702973484993,0,18,0.02135536940871437,-6.612467659844293,0.25,611.14,4,65.406
1096,86.0925363600254,0,18,0.09951185232966964,-6.6166310045454235,0.25,611.69,4,66.255
1097,86.15109995007515,0,18,0.07961604386340089,-6.628481017218696,0.25,612.31,4,65.91
1098,86.03231781721115,0,18,0.0634062728046653,-6.604326393869188,0.25,613.01,4,66.663
1099,86.29887396097183,0,18,0.04983996279346078,-6.637068019972907,0.25,613.73,4,67.355
1100,86.17896059155464,0,18,0.03897178760780662,-6.618086285061306,0.25,614.32,4,67.104
1101,86.28650081157684,0,18,0.11206913082039843,-6.617745598157247,0.25,615.05,4,65.097
1102,86.30540305376053,0,18,0.024845860765910603,-6.6535071399476795,0.25,615.71,4,65.059
1103,86.20016247034073,0,18,0.0790874072808947,-6.62029324637519,0.25,616.36,4,66.34
1104,85.98617962002754,0,18,0.05866655346653715,-6.6141179535124035,0.25,616.89,4,66.285
1105,85.98233500123024,0,18,0.0666347373343241,-6.630685091018677,0.25,617.5,4,65.561
1106,86.09314589202404,0,18,0.057098479498058116,-6.647576040691799,0.25,618.06,4,66.542
1107,86.1302001774311,0,18,0.06822012017942648,-6.61817208925883,0.25,618.61,4,65.34
1108,86.10172979533672,0,18,0.11324401984509475,-6.619061615731981,0.25,619.23,4,66.691
1109,86.23974499106407,0,18,0.13144724927082685,-6.638805694050259,0.25,619.77,4,66.952
1110,86.00969676673412,0,18,0.043085273924589274,-6.620278186268276,0.25,620.35,4,64.494
1111,85.95487013459206,0,18,0.07150697324383752,-6.6154872046576605,0.25,620.82,4,64.966
1112,85.99503143131733,0,18,0.07633106550444306,-6.59717513455285,0.25,621.33,4,66.345
1113,86.20576709508896,0,18,0.0654543418430775,-6.622938738928901,0.25,621.87,4,66.913
1114,86.27311986684799,0,18,0.036690394882801534,-6.604061868455675,0.25,622.45,4,65.71
1115,85.88048157095909,0,18,0.11059106255035861,-6.60560139020284,0.25,623.02,4,65.667
1116,86.10544574260712,0,18,0.08503129238690438,-6.599241018295288,0.25,623.6,4,67.003
1117,86.14508002996445,0,18,0.09835671447662106,-6.637068311373393,0.25,624.2,4,65.284
1118,86.03122961521149,0,18,0.04253233232803824,-6.619800527890523,0.25,624.73,4,65.457
1119,85.9205142557621,0,18,0.07125189190204158,-6.621772554185656,0.25,625.29,4,65.88
1120,86.1774283349514,0,18,0.07186204109469448,-6.5922038952509565,0.25,625.84,4,65.375
1121,86.27080669999123,0,18,0.09602444333116485,-6.592335873179966,0.25,626.51,4,65.728
1122,86.23000502586365,0,18,0.07975765022961746,-6.6215525070826216,0.25,627.09,4,65.056
1123,86.17990711331367,0,18,0.043811042986716425,-6.605506910218133,0.25,627.58,4,65.975
1124,85.8887337744236,0,18,0.09572713361275317,-6.614087488916185,0.25,628.14,4,65.892
1125,85.9678166359663,0,18,0.0692261809603628,-6.619776527086894,0.25,628.73,4,66.631
1126,86.28563916683197,0,18,0.048557661228793826,-6.607613563537598,0.25,629.47,4,65.897
1127,86.24096059799194,0,18,0.0342907406387288,-6.595004704263475,0.25,630.05,4,66.066
1128,86.22811794281006,0,18,0.06914364650219795,-6.616218951013353,0.25,630.56,4,65.491
1129,86.02418686449528,0,18,0.04740586939240327,-6.610928535461426,0.25,631.07,4,64.189
1130,86.1291354894638,0,18,0.03371276994039363,-6.615378710958693,0.25,631.62,4,66.851
1131,86.21640533208847,0,18,0.056446119121675215,-6.618799448013306,0.25,632.27,4,63.917
1132,86.22296208143234,0,18,0.06459727090421236,-6.616280145115322,0.25,632.96,4,64.819
1133,86.13522727787495,0,18,0.0903109468941289,-6.622985813352797,0.25,633.54,4,66.407
1134,86.18749690055847,0,18,0.07252665850723537,-6.601857807901171,0.25,634.01,4,66.999
1135,86.19642925262451,0,18,0.08076677963536996,-6.619799163606432,0.25,634.52,4,66.161
1136,85.96475246548653,0,18,0.08156241802983762,-6.602427707778083,0.25,635.07,4,64.966
1137,86.34864246845245,0,19,0.07777121339801839,-6.585690870676955,0.25,635.56,4,65.993
1138,86.21368485689163,0,18,0.02639081552681293,-6.630380544397566,0.25,635.99,4,66.237
1139,86.22266212105751,0,18,0.05747407883326458,-6.611757735411326,0.25,636.5,4,65.733
1140,86.1768014729023,0,18,0.09161442077432487,-6.618821998437245,0.25,637.03,4,65.496
1141,86.16159564256668,0,18,0.06369658988296578,-6.626562900013393,0.25,637.51,4,66.98
1142,85.83726349473,0,18,0.03656081646941958,-6.612426512771183,0.25,637.97,4,66.449
1143,85.99729111790657,0,18,0.10105244190304398,-6.616843183835347,0.25,638.49,4,65.507
1144,86.1532566100359,0,18,0.07216949224372608,-6.626422988043891,0.25,639.01,4,66.932
1145,86.25950744748116,0,18,0.05725638921689501,-6.6303569012218055,0.25,639.51,4,64.699
1146,86.03051263093948,0,18,0.07880352598618225,-6.6146360238393145,0.25,640.14,4,66.088
1147,86.21533989906311,0,18,0.06655219314092796,-6.597432990868886,0.25,640.77,4,66.759
1148,85.67240113019943,0,18,0.052215960636304876,-6.616281165017022,0.25,641.36,4,66.868
1149,86.04693552851677,0,18,0.06972702624524471,-6.628407597541809,0.25,641.89,4,66.191
1150,86.09644287824631,0,18,0.06074444362255033,-6.604010906484392,0.25,642.46,4,65.004
1151,86.73886892199516,0,19,0.0769290044983093,-6.615354995204978,0.25,643.15,4,63.45
1152,86.18471297621727,0,18,0.09332435338425664,-6.618013474676344,0.25,643.78,4,66.799
1153,85.98643094301224,0,18,0.032803625611551174,-6.6162631644143,0.25,644.38,4,66.924
1154,85.8986319899559,0,18,0.037740778207888875,-6.632087045245701,0.25,645.05,4,65.953
1155,86.78254294395447,0,19,0.02788479939543272,-6.618121029579476,0.25,645.62,4,66.956
1156,85.94074273109436,0,18,0.03488260424354747,-6.631336430708568,0.25,646.18,4,65.699
1157,85.83506193757057,0,18,0.05351032231353909,-6.622108459472656,0.25,646.72,4,66.589
1158,85.95209074020386,0,18,0.08934614480575773,-6.628465910752614,0.25,647.27,4,65.196
1159,85.91056951880455,0,18,0.05141978745369771,-6.621301359600491,0.25,647.89,4,65.225
1160,85.8738465309143,0,18,0.008082305999980437,-6.619434012307061,0.25,648.46,4,66.861
1161,86.19807642698288,0,18,0.08324377514428408,-6.6385494867960615,0.25,648.91,4,65.233
1162,86.18456019461155,0,18,0.04318157304462349,-6.620482842127482,0.25,649.43,4,66.539
1163,86.68807172775269,0,19,0.04779295565493481,-6.611053101003987,0.25,649.89,4,65.597
1164,85.92587652802467,0,18,0.04741462891610758,-6.607217907905579,0.25,650.32,4,66.841
1165,85.96640610694885,0,19,0.04757972583629204,-6.596045827212399,0.25,650.88,4,66.695
1166,86.10427731275558,0,18,0.028146109224306,-6.629691541194916,0.25,651.44,4,66.412
1167,86.00896476209164,0,18,0.020326103615742695,-6.62094067202674,0.25,652.01,4,67.164
1168,86.04762515425682,0,18,0.07671758674102118,-6.635586586263445,0.25,652.53,4,65.652
1169,86.1087806224823,0,18,0.035838215811458615,-6.6319999363687305,0.25,653.01,4,65.134
1170,86.3016904592514,0,18,0.029331018864063987,-6.6462892227702675,0.25,653.54,4,67.211
1171,85.95733790099621,0,18,0.09051860759003223,-6.62109970384174,0.25,654.05,4,66.952
1172,85.93558424711227,0,18,0.023840747077378585,-6.642512520154317,0.25,654.62,4,65.468
1173,85.93332609534264,0,18,0.040075715026937866,-6.631671243243748,0.25,655.25,4,66.128
1174,86.13245424628258,0,18,0.049021412259207864,-6.65459148089091,0.25,655.72,4,66.985
1175,86.08942340314388,0,18,0.03963861786087364,-6.6210671994421215,0.25,656.3,4,65.902
1176,85.82808664441109,0,18,0.051602224144517095,-6.61981072028478,0.25,656.8,4,65.432
1177,85.89339935779572,0,18,0.06870524212253157,-6.615627904733022,0.25,657.27,4,66.145
1178,85.88923701643944,0,18,0.04006665193092987,-6.615572849909465,0.25,657.75,4,66.156
1179,86.11820322275162,0,18,0.01899530225131861,-6.641537805398305,0.25,658.26,4,65.999
1180,86.10147112607956,0,18,0.08643985311795808,-6.61384281847212,0.25,658.79,4,66.271
1181,86.24387192726135,0,18,0.09886594036167178,-6.625927276081509,0.25,659.34,4,65.45
1182,85.90373428165913,0,18,0.05803950973212421,-6.631230745050642,0.25,659.83,4,65.884
1183,85.82077154517174,0,18,0.08882689249831957,-6.627140740553538,0.25,660.34,4,66.629
1184,86.80870980024338,0,19,0.03673420324666451,-6.640997769081429,0.25,660.93,4,65.969
1185,85.90492275357246,0,18,0.05245431720605767,-6.659659756554498,0.25,661.44,4,65.674
1186,85.94882017374039,0,18,0.027975221947094217,-6.6258847448560925,0.25,661.96,4,66.479
1187,85.80765092372894,0,18,0.06594701842368522,-6.632691502571106,0.25,662.47,4,66.091
1188,85.8995907753706,0,18,0.04778140059736163,-6.608288380834791,0.25,662.97,4,65.38
1189,85.94719713926315,0,18,0.03151455002140816,-6.61312543021308,0.25,663.48,4,65.197
1190,86.01635184884071,0,18,0.05893963199822691,-6.622369355625576,0.25,664.06,4,65.995
1191,85.94912387430668,0,18,0.07472890273089029,-6.6385096708933515,0.25,664.59,4,65.88
1192,85.86337861418724,0,18,0.038395430043642084,-6.611629923184712,0.25,665.14,4,65.537
1193,85.73800738155842,0,18,0.08246132241887001,-6.632950054274665,0.25,665.7,4,65.24
1194,86.07386738061905,0,18,0.06309821815921168,-6.633520934316847,0.25,666.16,4,66.165
1195,86.09533992409706,0,18,0.03766289782652166,-6.631641851531135,0.25,666.68,4,64.675
1196,87.11661511659622,0,19,0.05539096429837062,-6.61495066977836,0.25,667.21,4,67.181
1197,85.85441991686821,0,18,0.018553532242044132,-6.63919132285648,0.25,667.68,4,66.831
1198,86.72633171081543,0,19,0.04451666993066295,-6.63659208114833,0.25,668.14,4,66.417
1199,85.89017602801323,0,18,0.06679973243949967,-6.618966513209873,0.25,668.68,4,64.739
1200,87.27540246397257,0,19,0.011530965943116776,-6.608810746991956,0.25,669.23,4,65.647
1201,86.00273033976555,0,18,0.050478691739044734,-6.625482718149821,0.25,669.8,4,66.379
1202,85.87294682860374,0,18,0.028224052061583887,-6.64411645465427,0.25,670.47,4,65.993
1203,86.34692837297916,0,19,0.07154859371813435,-6.619689092244188,0.25,671.12,4,65.242
1204,86.16931825876236,0,18,0.03296390087194191,-6.622988078329298,0.25,671.64,4,65.741
1205,86.65500104427338,0,19,0.062051681682769665,-6.630718270393267,0.25,672.26,4,65.585
1206,85.92505624890327,0,18,0.05206245825946906,-6.621358725759718,0.25,672.9,4,67.692
1207,85.93290682137012,0,18,0.029315536574358703,-6.638224244117737,0.25,673.46,4,64.896
1208,86.72642356157303,0,19,0.04753897924730491,-6.633983612060547,0.25,674.0,4,67.052
1209,85.8406665623188,0,18,0.03529212037129684,-6.63224020269182,0.25,674.55,4,65.865
1210,86.74611440300941,0,19,0.054572487964609014,-6.653558188921784,0.25,675.13,4,67.023
1211,86.63931554555893,0,19,0.051247397701420234,-6.638175787991041,0.25,675.76,4,66.015
1212,86.71919938921928,0,19,0.03012378937712303,-6.642889290639799,0.25,676.36,4,65.186
1213,87.22625110298395,0,19,0.06069379821034287,-6.651585056975081,0.25,676.95,4,66.457
1214,86.59355974197388,0,19,0.044272110344561404,-6.635496727407795,0.25,677.53,4,66.511
1215,85.82758629322052,0,18,0.04645305598357178,-6.636994361877441,0.25,678.05,4,66.962
1216,86.01853674650192,0,18,0.051681821618128905,-6.628212796317206,0.25,678.5,4,66.195
1217,86.87933671474457,0,19,0.02774317252444907,-6.631656516088198,0.25,678.97,4,66.191
1218,85.95394390821457,0,18,0.0649513146165393,-6.624658856126997,0.25,679.54,4,66.855
1219,87.23973805457354,0,19,0.04721245377781137,-6.616493489291217,0.25,680.06,4,65.675
1220,87.2126886099577,0,19,0.028959231348110463,-6.653800358643403,0.25,680.62,4,67.357
1221,86.73383072018623,0,19,0.05709704854214653,-6.62356239475616,0.25,681.11,4,66.128
1222,86.53910583257675,0,19,0.09321162358427912,-6.628335547773806,0.25,681.67,4,66.457
1223,86.06898908317089,0,18,0.05996389504374141,-6.629043526119656,0.25,682.17,4,66.672
1224,86.82629382610321,0,19,0.10929828314812318,-6.594791059624659,0.25,682.75,4,65.459
1225,85.8725623190403,0,18,0.06321743994744287,-6.610780093404982,0.25,683.31,4,66.198
1226,85.82380506396294,0,18,0.06255277576605699,-6.644598404566447,0.25,683.86,4,66.309
1227,86.55583733320236,0,19,0.032618748712630895,-6.603172615782856,0.25,684.42,4,67.558
1228,86.2780944108963,0,18,0.027725854577612254,-6.6325988041030035,0.25,684.93,4,65.092
1229,86.69411002099514,0,19,0.06693048722450366,-6.631416549421337,0.25,685.46,4,66.104
1230,86.58743900060654,0,19,0.030725984544790676,-6.620547621217493,0.25,686.14,4,64.698
1231,86.29986882209778,0,18,0.027434019562861067,-6.627835048569573,0.25,686.81,4,65.648
1232,86.46214233338833,0,19,0.010518991897896901,-6.63211259449998,0.25,687.33,4,66.164
1233,86.24553030729294,0,18,0.056141360676014704,-6.598750604523553,0.25,687.94,4,66.106
1234,86.12755140662193,0,18,0.04151390673501333,-6.641381793551975,0.25,688.41,4,67.029
1235,86.0906194448471,0,18,0.03471780403318311,-6.599292410744561,0.25,689.03,4,66.881
1236,86.068086206913,0,18,0.015501977594289605,-6.618437356419033,0.25,689.55,4,67.318
1237,86.20216542482376,0,18,0.041946627149122326,-6.632054911719428,0.25,690.12,4,66.756
1238,86.41063971072435,0,19,0.04249188217154245,-6.616696004998194,0.25,690.59,4,66.555
1239,86.09558601677418,0,18,0.09069786128444927,-6.62309095594618,0.25,691.15,4,66.954
1240,86.0861744582653,0,18,0.03953790445383573,-6.622931467162238,0.25,691.67,4,66.15
1241,86.10653486847878,0,18,0.10322613313069774,-6.623952507972717,0.25,692.28,4,67.255
1242,86.04505176842213,0,18,0.05443100839450684,-6.62899374961853,0.25,692.78,4,66.021
1243,86.7284576818347,0,19,0.03915727402965462,-6.628082406030942,0.25,693.32,4,67.735
1244,86.56060487031937,0,19,0.030038064623399866,-6.633016958628615,0.25,693.79,4,65.497
1245,86.46504916250706,0,19,0.031171743745264942,-6.648278660970192,0.25,694.24,4,66.136
1246,86.61053995788097,0,19,0.039388410036399486,-6.623181258162407,0.25,694.73,4,66.445
1247,86.309571236372,0,19,0.05849463513213902,-6.6229228516147565,0.25,695.24,4,65.78
1248,86.31562465429306,0,18,0.031110966296384705,-6.635725617408752,0.25,695.75,4,65.669
1249,86.1555186510086,0,18,0.050717381620820054,-6.63216409418318,0.25,696.29,4,65.597
1250,86.31824159622192,0,18,0.03667345726474499,-6.627762277921041,0.25,696.86,4,64.487
1251,85.84800074994564,0,18,0.053104129900930275,-6.635174830754598,0.25,697.47,4,66.415
1252,85.96941991150379,0,18,0.04308836081509071,-6.627198762363857,0.25,697.91,4,65.045
1253,86.79497292637825,0,19,0.03305279334535829,-6.631808300540872,0.25,698.38,4,67.213
1254,86.13972176611423,0,18,0.035436456352625906,-6.639746917618646,0.25,698.86,4,65.413
1255,86.19272676110268,0,18,0.028788734880436095,-6.619543883535597,0.25,699.31,4,65.944
1256,86.16601419448853,0,18,0.07540446938562834,-6.609364396995968,0.25,699.76,4,65.555
1257,85.97741933166981,0,18,0.026220288327951695,-6.6421374215020075,0.25,700.22,4,67.033
1258,86.21541303396225,0,18,0.05671491849979146,-6.618930160999298,0.25,700.76,4,66.001
1259,86.59702906757593,0,19,0.09251075219052002,-6.612882594539695,0.25,701.42,4,67.279
1260,86.01906490325928,0,18,0.03057000106916045,-6.6429250902599755,0.25,701.95,4,66.278
1261,86.01495718955994,0,18,0.08973948923610603,-6.642396026187473,0.25,702.58,4,66.455
1262,86.65405921638012,0,19,0.0460485786890088,-6.61270952877933,0.25,703.09,4,65.222
1263,86.29425150156021,0,18,0.07547277974137817,-6.623356885380215,0.25,703.72,4,66.381
1264,86.02742141485214,0,18,0.046698714947120204,-6.609500818782383,0.25,704.33,4,67.347
1265,86.3134241104126,0,18,0.052931703560514305,-6.644178681903416,0.25,704.97,4,67.433
1266,86.19544970989227,0,18,0.08395971732544341,-6.638058145840962,0.25,705.56,4,66.064
1267,86.11860738694668,0,18,0.03765442415210095,-6.5975600017441645,0.25,706.21,4,65.137
1268,86.26655894517899,0,18,0.026586009316916816,-6.619559970166948,0.25,706.74,4,65.67
1269,86.07827942073345,0,18,0.05233390827662435,-6.6335751215616865,0.25,707.31,4,65.412
1270,85.90042220056057,0,18,0.037622324207202636,-6.604574018054539,0.25,707.91,4,66.443
1271,86.28065794706345,0,18,0.0281516038875351,-6.625962098439534,0.25,708.62,4,67.069
1272,86.57167663425207,0,19,0.05625315840824105,-6.616131769467707,0.25,709.26,4,65.575
1273,86.19660514593124,0,18,0.04361144604333984,-6.624594052632649,0.25,709.75,4,65.049
1274,86.19962814450264,0,18,0.04803597103313627,-6.619919657707214,0.25,710.25,4,65.871
1275,86.10487341880798,0,18,0.023257511564224842,-6.63538580470615,0.25,710.74,4,65.113
1276,86.5684180855751,0,19,0.07405670080483454,-6.631324127928852,0.25,711.3,4,67.516
1277,86.20235142111778,0,18,0.03293910103275266,-6.625073432922363,0.25,711.78,4,66.49
1278,86.80941596627235,0,19,0.0905220611321928,-6.634624232984569,0.25,712.28,4,65.951
1279,86.40752771496773,0,19,0.06455059721966255,-6.630511519027083,0.25,712.89,4,64.902
1280,86.15863528847694,0,18,0.07527947206371108,-6.6086386640866595,0.25,713.45,4,66.961
1281,86.63515873253345,0,19,0.0993390059798688,-6.621800625160949,0.25,714.05,4,66.98
1282,85.8972364962101,0,18,0.031210746701819718,-6.6260844469070435,0.25,714.6,4,66.412
1283,86.17121723294258,0,18,0.07441865294842703,-6.631567332479689,0.25,715.1,4,65.263
1284,86.59916695952415,0,19,0.048518664405317595,-6.621016750596974,0.25,715.76,4,66.031
1285,86.11599814891815,0,18,0.0410908694076271,-6.658994959460364,0.25,716.29,4,64.26
1286,86.71912644803524,0,19,0.06157345126689195,-6.614116675233188,0.25,716.86,4,66.66
1287,86.07795771956444,0,18,0.048005846299727435,-6.6156494749916925,0.25,717.48,4,66.359
1288,86.72153589129448,0,19,0.12515310185619755,-6.618498697672805,0.25,718.08,4,65.205
1289,86.15846544504166,0,18,0.04873282760319045,-6.631287687354618,0.25,718.7,4,65.878
1290,86.07640989124775,0,18,0.06022802758100928,-6.628999816046821,0.25,719.38,4,67.267
1291,86.52076536417007,0,19,0.005794618279937884,-6.625784344869118,0.25,720.04,4,66.272
1292,86.10921740531921,0,18,0.03457345486165448,-6.616420441203648,0.25,720.52,4,66.264
1293,86.19187134504318,0,18,0.07502163965465217,-6.601582103305393,0.25,720.98,4,66.325
1294,86.12358728051186,0,18,0.0509635429599358,-6.62532181209988,0.25,721.6,4,65.573
1295,86.17053073644638,0,18,0.08478574645252795,-6.61870633231269,0.25,722.09,4,66.143
1296,86.14262172579765,0,18,0.06324107798880302,-6.609593166245355,0.25,722.53,4,65.874
1297,86.14783614873886,0,18,0.02792252194073323,-6.642978760931227,0.25,722.99,4,64.844
1298,86.55992535501719,0,19,0.05127972392672322,-6.6301931551057995,0.25,723.61,4,65.844
1299,86.05530139803886,0,18,0.03635861015805454,-6.6572813457912865,0.25,724.17,4,66.497
1300,86.02289736270905,0,18,0.06145154002842901,-6.612656288676792,0.25,724.69,4,65.356
1301,86.2006473839283,0,18,0.058811190313564216,-6.622656338744694,0.25,725.22,4,65.527
1302,86.26851305365562,0,18,0.06407947389480897,-6.622000217437744,0.25,725.65,4,65.137
1303,86.5192550867796,0,19,0.0630493363435699,-6.626341506226422,0.25,726.13,4,66.548
1304,86.27848744392395,0,18,0.046343330731360766,-6.619878146383497,0.25,726.64,4,64.95
1305,86.13409848511219,0,18,0.04209804688950195,-6.629470838440789,0.25,727.13,4,65.51
1306,86.27214151620865,0,18,0.03060075815675292,-6.625971012645298,0.25,727.69,4,65.794
1307,86.27160054445267,0,18,0.07895439237573657,-6.597001459863451,0.25,728.17,4,65.732
1308,86.14392225444317,0,18,0.07043136306593725,-6.620758573214213,0.25,728.74,4,65.737
1309,86.67660795152187,0,19,0.10052591280741394,-6.612499243592563,0.25,729.28,4,65.108
1310,86.19928282499313,0,18,0.02038102730451404,-6.6140688723988,0.25,729.86,4,66.139
1311,86.23609864711761,0,18,0.05862830996971348,-6.602730068895552,0.25,730.47,4,65.971
1312,86.1987055838108,0,18,0.0116604823741808,-6.632931994067298,0.25,731.08,4,66.008
1313,86.22548747062683,0,18,0.05323318736645888,-6.60752495792177,0.25,731.6,4,66.955
1314,86.10598380863667,0,18,0.02038998245451593,-6.618937565220727,0.25,732.1,4,65.739
1315,86.63548012077808,0,19,0.05527907206512643,-6.608981576684403,0.25,732.66,4,64.898
1316,86.65205349773169,0,19,0.08076520139002241,-6.611561017493679,0.25,733.26,4,66.379
1317,86.2779431939125,0,18,0.06402820177875886,-6.642336143387689,0.25,733.86,4,66.086
1318,86.0463452488184,0,18,0.04047587895537516,-6.62495383951399,0.25,734.47,4,65.501
1319,86.0180307328701,0,18,0.043391604770578046,-6.61381717522939,0.25,735.05,4,66.457
1320,86.20233708620071,0,18,0.052015413561700065,-6.625334786044227,0.25,735.57,4,66.153
1321,86.24783515930176,0,18,0.044753571279418085,-6.6261582771937055,0.25,736.17,4,65.841
1322,86.58652712404728,0,19,0.05600851401088645,-6.612614638184848,0.25,736.74,4,66.611
1323,86.19973793625832,0,18,0.06276363619832005,-6.645515269703335,0.25,737.36,4,65.346
1324,86.63668623566628,0,19,0.07879695289470064,-6.628731270358987,0.25,737.95,4,64.849
1325,86.14929321408272,0,18,0.056115309106947585,-6.643567515744103,0.25,738.51,4,64.585
1326,86.21980041265488,0,18,0.06792098429367696,-6.635313464535607,0.25,739.02,4,65.961
1327,86.58423215150833,0,19,0.05531073890826569,-6.602261386505545,0.25,739.52,4,66.365
1328,86.10515078902245,0,18,0.034477887164535384,-6.586876842710707,0.25,740.05,4,67.838
1329,86.48311647027731,0,19,0.03868699892506176,-6.635578122857499,0.25,740.54,4,64.452
1330,86.61031686514616,0,19,0.018668479322912712,-6.636469782215276,0.25,741.15,4,65.571
1331,86.27202326059341,0,18,0.05912881539653528,-6.6241171095106335,0.25,741.67,4,65.296
1332,86.24562558531761,0,18,0.06866541727564861,-6.597764240370856,0.25,742.17,4,65.585
1333,86.20968523621559,0,18,0.05948140931913157,-6.609944621721904,0.25,742.68,4,65.264
1334,86.27474364638329,0,18,0.0863848871089835,-6.617065522405836,0.25,743.15,4,66.446
1335,86.1254150569439,0,18,0.023319787792590634,-6.623678220642938,0.25,743.71,4,66.562
1336,86.28381091356277,0,18,0.04852120175968998,-6.618071834246318,0.25,744.31,4,66.975
1337,86.045246347785,0,18,0.04186648084901713,-6.601162023014492,0.25,744.89,4,65.807
1338,86.04410603642464,0,18,0.08789643304680794,-6.610923502180311,0.25,745.51,4,65.129
1339,86.16182453930378,0,18,0.0818114846040569,-6.623455444971721,0.25,745.98,4,65.833
1340,86.02178345620632,0,18,0.038497670635074935,-6.619959354400635,0.25,746.48,4,65.939
1341,86.77674210071564,0,19,0.023012961032529273,-6.645094087679092,0.25,746.95,4,66.025
1342,86.04052793979645,0,18,0.05400580879419673,-6.623029225402409,0.25,747.5,4,65.365
1343,86.14629206061363,0,18,0.08377222859477722,-6.614753590689765,0.25,748.15,4,65.671
1344,86.236059486866,0,18,0.02127222131295841,-6.6352153817812605,0.25,748.75,4,66.511
1345,86.19033658504486,0,18,0.06536067061349765,-6.62568160560396,0.25,749.27,4,65.773
1346,86.26197290420532,0,18,0.0506457724301678,-6.626196258597904,0.25,749.77,4,65.151
1347,86.18229740858078,0,18,0.05527287550830806,-6.63295900159412,0.25,750.23,4,65.441
1348,86.53024347126484,0,19,0.06959389693547066,-6.623277892805126,0.25,750.77,4,65.804
1349,86.24325090646744,0,18,0.04501612491064103,-6.630861904886034,0.25,751.15,4,65.003
1350,86.22071775794029,0,18,0.024121836170100625,-6.629974060588413,0.25,751.77,4,66.65
1351,86.83696892857552,0,19,0.029032619185135732,-6.615743094927644,0.25,752.29,4,66.213
1352,86.1813243329525,0,18,0.047812851619103945,-6.639661226007673,0.25,752.83,4,66.903
1353,86.14649230241776,0,18,0.05560427623549913,-6.610743390189277,0.25,753.23,4,65.785
1354,86.24709805846214,0,18,0.12299252181178923,-6.629054162237379,0.25,753.8,4,65.795
1355,86.54313748329878,0,19,0.02611194024500772,-6.6141386293385125,0.25,754.25,4,65.386
1356,86.73159807920456,0,19,0.06941294136906859,-6.628166394690945,0.25,754.73,4,66.099
1357,86.175333827734,0,18,0.05185853742558619,-6.611826638380687,0.25,755.26,4,65.492
1358,86.2873193025589,0,18,0.05486503894786034,-6.647105144129859,0.25,755.83,4,65.087
1359,85.97041742503643,0,18,0.025014042460699985,-6.619017839431763,0.25,756.39,4,67.241
1360,86.2575614452362,0,18,0.04970752385593692,-6.631113555696276,0.25,756.96,4,65.121
1361,86.64254485070705,0,19,0.03341489819864015,-6.610875665325008,0.25,757.46,4,65.384
1362,86.10118675231934,0,18,0.02755199182431372,-6.622583349545796,0.25,758.03,4,67.143
1363,86.14468887448311,0,18,0.03814602781332926,-6.640652709537083,0.25,758.54,4,66.133
1364,86.17652091383934,0,18,0.03456174879465834,-6.616824640168084,0.25,759.04,4,67.452
1365,86.3057667016983,0,18,0.0472307856494404,-6.620644741588169,0.25,759.49,4,65.038
1366,86.69101195782423,0,19,0.037796766819330314,-6.642183499793484,0.25,760.08,4,65.746
1367,86.15423607826233,0,18,0.019269589808876237,-6.635845217439863,0.25,760.73,4,66.557
1368,86.27964955568314,0,18,0.03193154572949829,-6.6053756674130755,0.25,761.22,4,65.734
1369,86.7500991821289,0,19,0.06465272564653862,-6.617268261844164,0.25,761.79,4,64.117
1370,86.24320203065872,0,18,0.03225305899104569,-6.638484027650621,0.25,762.42,4,66.233
1371,86.1023018360138,0,18,0.06732350796199979,-6.618151174651252,0.25,762.94,4,66.352
1372,86.2830815911293,0,18,0.045708383340954443,-6.633221281899346,0.25,763.5,4,65.475
1373,86.2781035900116,0,18,0.04265888941659392,-6.638103339407179,0.25,764.08,4,66.25
1374,86.26359650492668,0,18,0.056032617499416425,-6.615699264738295,0.25,764.61,4,67.267
1375,86.27384668588638,0,18,0.07033713168645288,-6.631493820084466,0.25,765.11,4,66.397
1376,86.1883885115385,0,18,0.04031863345315085,-6.6162722375657825,0.25,765.65,4,67.097
1377,86.2667264342308,0,18,0.07745244516698019,-6.61945656935374,0.25,766.27,4,66.866
1378,86.30992692708969,0,18,0.06604919670139174,-6.602046688397725,0.25,766.82,4,66.268
1379,86.00049518048763,0,18,0.07388412306479747,-6.613384246826172,0.25,767.34,4,65.545
1380,86.17977714538574,0,18,0.0024435888124369537,-6.628133469157749,0.25,767.89,4,66.851
1381,86.01841709017754,0,18,0.06980421092309068,-6.630687991778056,0.25,768.47,4,65.873
1382,86.30601370334625,0,18,0.07603735392027981,-6.632814738485548,0.25,768.91,4,66.393
1383,86.69164955615997,0,19,0.07115123984830499,-6.596981623401381,0.25,769.37,4,66.253
1384,86.23156887292862,0,18,0.03634586719918945,-6.629922370115916,0.25,769.94,4,66.922
1385,86.19294729828835,0,18,0.06004784079151351,-6.6382021639082165,0.25,770.4,4,66.014
1386,86.2597487270832,0,18,0.06751150774673281,-6.6143386827574835,0.25,770.95,4,64.761
1387,86.19905117154121,0,18,0.020703495727300632,-6.62607122792138,0.25,771.45,4,65.567
1388,86.58578665554523,0,19,0.03826430542679577,-6.612449972596887,0.25,772.06,4,65.225
1389,86.09105488657951,0,18,0.07325887292507913,-6.615582757525974,0.25,772.65,4,65.208
1390,86.46385399252176,0,19,0.02461572517181407,-6.627706488517866,0.25,773.26,4,66.4
1391,86.18532174825668,0,18,0.012032974946224486,-6.62976281510459,0.25,773.8,4,66.253
1392,86.76632544398308,0,19,0.11047725072262127,-6.634541909988612,0.25,774.37,4,66.704
1393,86.21390560269356,0,18,0.05524961883788314,-6.627350714471605,0.25,774.94,4,63.163
1394,86.17440727353096,0,18,0.036691592329387075,-6.619591659969753,0.25,775.46,4,66.284
1395,86.28534823656082,0,18,0.06864905287147849,-6.6324329773585005,0.25,776.02,4,66.329
1396,86.59675351530313,0,19,0.05242935924077955,-6.61986965022675,0.25,776.73,4,65.332
1397,86.31162470579147,0,18,0.012864055086841594,-6.617254184352027,0.25,777.35,4,66.255
1398,86.19754096865654,0,18,0.021190150636761648,-6.624187416500515,0.25,777.83,4,66.555
1399,86.26043155789375,0,18,0.036854539029567,-6.6526517735587225,0.25,778.47,4,66.699
1400,86.16205501556396,0,18,0.0203432334888526,-6.632312993208568,0.25,778.95,4,65.355
1401,86.67959356307983,0,19,0.02119115671567134,-6.6350415112221075,0.25,779.46,4,66.104
1402,86.16429723799229,0,18,0.03521358410742121,-6.657217052247789,0.25,779.94,4,65.805
1403,86.60460340976715,0,19,0.054759647853693236,-6.615638040516474,0.25,780.54,4,67.764
1404,86.1968220770359,0,18,0.06084085998069592,-6.638294061024983,0.25,780.99,4,65.579
1405,86.5777866691351,0,19,0.0621058094661686,-6.62809536555042,0.25,781.54,4,65.378
1406,86.05530016124249,0,18,0.036332578945904165,-6.613836288452148,0.25,782.04,4,64.921
1407,86.06056459248066,0,18,0.02943563811540015,-6.6246200402577715,0.25,782.52,4,65.783
1408,86.30600053071976,0,18,0.03523240268097854,-6.634047826131185,0.25,783.0,4,67.279
1409,86.2169331908226,0,18,0.018417552243186544,-6.63367399904463,0.25,783.51,4,66.461
1410,86.00139757990837,0,18,0.049633899039589674,-6.609817981719971,0.25,783.96,4,66.572
1411,86.20744398236275,0,18,0.05460394172142616,-6.620272053612603,0.25,784.52,4,65.579
1412,86.02746227383614,0,18,0.04881084067043654,-6.610201517740886,0.25,785.0,4,66.585
1413,86.14284493029118,0,18,0.07465782208055316,-6.627785709169176,0.25,785.41,4,67.377
1414,86.11585465073586,0,18,0.06797409093208746,-6.629388968149821,0.25,785.92,4,66.231
1415,86.27276235818863,0,18,0.06255130955347947,-6.632073680559794,0.25,786.41,4,66.401
1416,86.10045662522316,0,18,0.07041412170858369,-6.613977869351705,0.25,786.9,4,66.84
1417,86.26049435138702,0,18,0.10063308385320448,-6.6228366825315685,0.25,787.49,4,65.562
1418,86.11022943258286,0,18,0.026242831417423278,-6.617229620615642,0.25,788.07,4,66.753
1419,86.21556147933006,0,18,0.06636835377563936,-6.6260090006722345,0.25,788.57,4,65.676
1420,86.2259650528431,0,18,0.04835619918028695,-6.644601676199171,0.25,789.02,4,65.947
1421,86.28553318977356,0,18,0.06272839186668636,-6.636204640070598,0.25,789.52,4,65.697
1422,86.0858713388443,0,18,0.04515183560811743,-6.635955293973287,0.25,789.97,4,65.452
1423,86.13511952757835,0,18,0.021745046949238005,-6.653064409891765,0.25,790.53,4,67.079
1424,85.87976503372192,0,18,0.060071973173156344,-6.633652448654175,0.25,791.17,4,65.684
1425,86.17644277215004,0,18,0.048624365161130195,-6.648655944400364,0.25,791.64,4,65.758
1426,85.91889077425003,0,18,0.038172304207162396,-6.629809896151225,0.25,792.16,4,65.482
1427,86.08237013220787,0,18,0.041325847182937046,-6.643144263161553,0.25,792.72,4,66.036
1428,86.0471525490284,0,18,0.0446307027961868,-6.618412441677517,0.25,793.12,4,66.478
1429,86.18213936686516,0,18,0.09216637061763322,-6.624534514215258,0.25,793.69,4,65.587
1430,86.15052250027657,0,18,0.034081593566952506,-6.612552377912733,0.25,794.21,4,65.994
1431,86.28691756725311,0,18,0.06708348319433652,-6.624685883522034,0.25,794.75,4,64.958
1432,86.70340603590012,0,19,0.06230031935281235,-6.615969285573045,0.25,795.35,4,65.672
1433,86.1550535261631,0,18,0.023624625310225786,-6.64090300268597,0.25,795.96,4,66.639
1434,86.17478394508362,0,18,0.05631737934951767,-6.642923196156819,0.25,796.49,4,66.396
1435,86.27924135327339,0,18,0.03430264009148232,-6.636548062165578,0.25,797.01,4,66.689
1436,86.13978923857212,0,18,0.01560483863744998,-6.638421012295617,0.25,797.64,4,66.866
1437,86.25608414411545,0,18,0.016631823256425884,-6.620517075061798,0.25,798.26,4,66.668
1438,86.0750353038311,0,18,0.015108543259480535,-6.626451737350887,0.25,798.86,4,65.4
1439,86.20968246459961,0,18,0.014990042611720532,-6.6299965845213995,0.25,799.47,4,66.224
1440,86.16252973675728,0,18,0.06038424258885142,-6.6301678617795305,0.25,799.94,4,66.205
1441,86.10448092222214,0,18,0.09246528764520513,-6.618035621113247,0.25,800.49,4,65.372
1442,86.27600485086441,0,18,0.028113874045427818,-6.627306050724453,0.25,800.99,4,67.437
1443,86.0753228366375,0,18,0.05069476704162904,-6.631046520339118,0.25,801.62,4,66.697
1444,86.04259571433067,0,18,0.04682016828115189,-6.6276138756010265,0.25,802.21,4,64.915
1445,86.23074907064438,0,18,0.10250278931117565,-6.639509558677673,0.25,802.69,4,65.611
1446,86.11943307518959,0,18,0.041127436407300086,-6.641456173525916,0.25,803.15,4,65.314
1447,85.9683223515749,0,18,0.049778615066922306,-6.626223855548435,0.25,803.67,4,65.74
1448,86.23865121603012,0,18,0.06733854965235271,-6.651121424304114,0.25,804.12,4,65.061
1449,86.17285683751106,0,18,0.03405233212924941,-6.61731160349316,0.25,804.64,4,65.731
1450,85.93771487474442,0,18,0.04542991785274353,-6.618531703948975,0.25,805.19,4,65.765
1451,86.28722578287125,0,18,0.07175723486398056,-6.636467940277523,0.25,805.75,4,66.963
1452,86.47410425543785,0,19,0.06246185418631409,-6.619062711114752,0.25,806.31,4,66.392
1453,85.98190277814865,0,18,0.015082985659319093,-6.630399584770203,0.25,806.93,4,66.365
1454,86.15513905882835,0,18,0.05806024647649287,-6.652589718500773,0.25,807.44,4,66.237
1455,86.04934135079384,0,18,0.0350783601643343,-6.624633444680108,0.25,807.93,4,66.32
1456,86.27778762578964,0,18,0.05432783479389198,-6.62262491385142,0.25,808.6,4,65.46
1457,86.24923518300056,0,18,0.03155257810612966,-6.628524276945326,0.25,809.23,4,65.567
1458,86.15586546063423,0,18,0.0371977466066811,-6.622229086028205,0.25,809.69,4,66.565
1459,85.9694490134716,0,18,0.020348483590270108,-6.638397600915697,0.25,810.31,4,66.067
1460,86.04287619888783,0,18,0.06371533401438177,-6.64007388220893,0.25,810.88,4,66.049
1461,86.01139941811562,0,18,0.07388189491858713,-6.602509114477369,0.25,811.37,4,67.408
1462,86.25842753052711,0,18,0.02080150500963403,-6.630930436982049,0.25,811.83,4,66.169
1463,86.0900519490242,0,18,0.01595509232326246,-6.635859701368544,0.25,812.3,4,67.452
1464,85.95476973056793,0,18,0.036247404526067034,-6.634884622361925,0.25,812.83,4,64.236
1465,86.22842121124268,0,18,0.08422046272234082,-6.619695915116204,0.25,813.37,4,65.057
1466,86.23606812953949,0,18,0.03440563433347658,-6.624850445323521,0.25,813.88,4,65.752
1467,86.04600980877876,0,18,0.051921047361045365,-6.638432621955872,0.25,814.34,4,65.581
1468,86.21176779270172,0,18,0.07058098633751797,-6.628200663460626,0.25,814.86,4,66.125
1469,86.31123101711273,0,18,0.02010801696410959,-6.631401022275289,0.25,815.31,4,65.191
1470,86.22587704658508,0,18,0.061297213273367866,-6.6454294257693824,0.25,815.85,4,66.116
1471,85.97462131083012,0,18,0.04560861703733584,-6.634915603531732,0.25,816.38,4,64.292
1472,86.17188867926598,0,18,0.010841571337954924,-6.641397476196289,0.25,816.9,4,67.323
1473,86.23709410429001,0,18,0.07970091310875836,-6.627120428615147,0.25,817.42,4,66.616
1474,86.16416776180267,0,18,0.034868677950119796,-6.621611303753323,0.25,817.96,4,65.976
1475,86.0366342663765,0,18,0.062244859649985704,-6.615874224238926,0.25,818.37,4,67.452
1476,85.9522558003664,0,18,0.019830623793192597,-6.617045124371846,0.25,818.83,4,66.037
1477,86.09345577657223,0,18,0.03699604447057128,-6.610142005814446,0.25,819.43,4,66.213
1478,85.94261142611504,0,18,0.07993961096154736,-6.626178397072686,0.25,819.99,4,65.054
1479,86.24478307366371,0,18,0.03448208037965136,-6.623238682746887,0.25,820.55,4,66.245
1480,86.05555933713913,0,18,0.02854545342779602,-6.6328659190071955,0.25,821.1,4,65.855
1481,86.30738943815231,0,18,0.057516380551330966,-6.645238359769185,0.25,821.7,4,66.196
1482,86.2216265797615,0,18,0.06001852133390963,-6.643044061130947,0.25,822.35,4,66.58
1483,86.28437811136246,0,18,0.041593236562524304,-6.657934374279446,0.25,822.93,4,64.804
1484,86.09429761767387,0,18,0.07704198853672198,-6.635825329356724,0.25,823.52,4,65.19
1485,86.24886164069176,0,18,0.04210819369978304,-6.607828140258789,0.25,824.07,4,65.102
1486,86.26234301924706,0,18,0.08033995726448968,-6.611988544464111,0.25,824.59,4,65.564
1487,86.0370043516159,0,18,0.035750490498584336,-6.615351517995198,0.25,825.15,4,66.468
1488,85.9802477657795,0,18,0.02489363672369412,-6.613386193911235,0.25,825.73,4,66.449
1489,86.16173896193504,0,18,0.02835428543069914,-6.637526750564575,0.25,826.32,4,66.893
1490,86.10797664523125,0,18,0.06656142684854179,-6.633890589078267,0.25,826.96,4,67.275
1491,86.14625191688538,0,18,0.03290344583547267,-6.633645388815138,0.25,827.59,4,66.075
1492,86.14851704239845,0,18,0.062158690026485094,-6.644298301802741,0.25,828.11,4,65.889
1493,86.19425091147423,0,18,0.03873352009193493,-6.642381111780803,0.25,828.69,4,66.722
1494,86.20231875777245,0,18,0.06917380221582586,-6.605575574768914,0.25,829.31,4,65.038
1495,86.16357666254044,0,18,0.05015984205329005,-6.644711666636997,0.25,829.92,4,66.172
1496,86.21852791309357,0,18,0.04130485438185537,-6.640720711814033,0.25,830.51,4,64.597
1497,86.21725058555603,0,18,0.058461028319369585,-6.611387875345018,0.25,831.05,4,66.722
1498,86.07967925071716,0,18,0.06010602867536363,-6.618321617444356,0.25,831.62,4,65.234
1499,86.06434577703476,0,18,0.09092817319004906,-6.634976718160841,0.25,832.14,4,66.226
1500,86.27432376146317,0,18,0.01873314158506724,-6.621595210499233,0.25,832.71,4,64.759
1501,86.11619947850704,0,18,0.040961363763623616,-6.614122986793518,0.25,833.35,4,65.583
1502,86.19384759664536,0,18,0.03890452117583562,-6.639125506083171,0.25,833.84,4,65.923
1503,86.20828518271446,0,18,0.022996726565603847,-6.659823430909051,0.25,834.35,4,65.827
1504,85.87600433826447,0,18,0.11627521994392333,-6.627111752827962,0.25,834.88,4,66.799
1505,86.28967159986496,0,18,0.024555255110095056,-6.620467901229858,0.25,835.36,4,64.904
1506,86.0916337966919,0,18,0.04721821513218553,-6.625639941957262,0.25,835.91,4,65.986
1507,86.02250628173351,0,18,0.0768105022355788,-6.628548304239909,0.25,836.4,4,64.129
1508,86.22022294998169,0,18,0.08335811975040189,-6.639988674057855,0.25,836.96,4,65.599
1509,86.06156016886234,0,18,0.010066230824122613,-6.62579784128401,0.25,837.5,4,67.089
1510,86.14137709140778,0,18,0.003086052008863286,-6.646800213389927,0.25,838.05,4,67.068
1511,86.2096435725689,0,18,0.018534181324159564,-6.629461831516689,0.25,838.7,4,66.326
1512,85.9158670604229,0,18,0.062313520077320085,-6.628255327542623,0.25,839.26,4,66.965
1513,86.092739418149,0,18,0.03575498277445553,-6.603712055418226,0.25,839.78,4,65.076
1514,86.12567791342735,0,18,0.05252027379679526,-6.616078946325514,0.25,840.42,4,66.496
1515,86.1975948214531,0,18,0.013119141828206516,-6.631497356626722,0.25,841.02,4,67.226
1516,86.18921160697937,0,18,0.07484163119746275,-6.6170226203070746,0.25,841.57,4,66.89
1517,86.24111920595169,0,18,0.03601533242221598,-6.636776500278049,0.25,842.05,4,65.765
1518,86.25313723087311,0,18,0.03280494028715313,-6.612840215365092,0.25,842.53,4,67.173
1519,86.01940417289734,0,18,0.08705923996341072,-6.628274851375156,0.25,843.05,4,64.915
1520,86.14249762892723,0,18,0.05944983038110271,-6.619930002424452,0.25,843.59,4,66.452
1521,86.299476146698,0,18,0.04302999289600646,-6.608102652761671,0.25,844.1,4,64.166
1522,86.06638440489769,0,18,0.07334734371074268,-6.612543635898167,0.25,844.7,4,66.388
1523,86.11713257431984,0,18,0.027276034343635222,-6.607215735647413,0.25,845.24,4,65.604
1524,85.94233514368534,0,18,0.04988003129761233,-6.631426493326823,0.25,845.73,4,66.268
1525,85.96444265544415,0,18,0.03280621433461622,-6.634622693061829,0.25,846.19,4,66.436
1526,86.31824159622192,0,18,0.06110889337327939,-6.633629679679871,0.25,846.6,4,66.789
1527,86.07828378677368,0,18,0.058258632185849514,-6.622822509871589,0.25,847.05,4,65.711
1528,86.29652959108353,0,18,0.0701174136658867,-6.635068164931403,0.25,847.61,4,67.166
1529,86.19983348250389,0,18,0.04487787830971178,-6.6469953589969215,0.25,848.08,4,66.263
1530,86.25566339492798,0,18,0.10189356739930291,-6.6114566458596125,0.25,848.55,4,66.52
1531,86.22437489032745,0,18,0.0246357083574872,-6.5994654761420355,0.25,849.13,4,66.507
1532,86.18829736113548,0,18,0.08698036409623455,-6.652150167359246,0.25,849.63,4,66.401
1533,86.16244560480118,0,18,0.077866581289628,-6.636183222134908,0.25,850.17,4,65.58
1534,86.03465864062309,0,18,0.04751117469297444,-6.6359981298446655,0.25,850.82,4,67.196
1535,86.69065457582474,0,19,0.03921822420760354,-6.65510218110803,0.25,851.55,4,67.729
1536,86.86295348405838,0,19,0.021837396389918006,-6.654921649253532,0.25,852.17,4,66.268
1537,86.26215547323227,0,18,0.04533436407412713,-6.633239375220405,0.25,852.85,4,66.491
1538,86.152010679245,0,18,0.025071582859406288,-6.642329812049866,0.25,853.42,4,66.104
1539,86.12236857414246,0,18,0.0676757960809482,-6.620178421338399,0.25,854.02,4,66.741
1540,86.25091224908829,0,18,0.005266828590821306,-6.640942162937588,0.25,854.67,4,66.245
1541,86.16239488124847,0,18,0.04808853128603611,-6.604306552145216,0.25,855.33,4,66.894
1542,86.1646269261837,0,18,0.07097139488016385,-6.614838348494636,0.25,855.95,4,67.327
1543,86.21768867969513,0,18,0.00925309696827349,-6.632783002323574,0.25,856.47,4,66.079
1544,86.21105781197548,0,18,0.040319386952534036,-6.625237425168355,0.25,856.92,4,65.689
1545,85.97967228293419,0,18,0.05337870602882807,-6.6123172707027855,0.25,857.45,4,66.622
1546,86.2463895380497,0,18,0.03188876190233714,-6.625681373808119,0.25,858.07,4,65.851
1547,86.18534082174301,0,18,0.06489838943566105,-6.62899469004737,0.25,858.56,4,66.042
1548,86.19927668571472,0,18,0.03646998005670968,-6.631188061502245,0.25,859.09,4,66.074
1549,86.18622502684593,0,18,0.04376544939037154,-6.60850371254815,0.25,859.61,4,64.74
1550,86.03608125448227,0,18,0.08673308601414141,-6.6302287048763695,0.25,860.23,4,65.263
1551,86.06080336868763,0,18,0.06790516417944066,-6.610188206036885,0.25,860.81,4,65.721
1552,86.05632373690605,0,18,0.01952541301842656,-6.6485427088207665,0.25,861.42,4,65.039
1553,86.20011568069458,0,18,0.04622576691892593,-6.626124540964763,0.25,862.03,4,67.443
1554,86.1928531229496,0,18,0.054418375655384606,-6.611288441552056,0.25,862.59,4,66.658
1555,86.29502803087234,0,18,0.02755175353801557,-6.624047199885051,0.25,863.16,4,66.388
1556,86.30263161659241,0,18,0.025700235205881147,-6.598698589536879,0.25,863.75,4,65.201
1557,86.2155651152134,0,18,0.0540020876835317,-6.6162470314237805,0.25,864.36,4,66.195
1558,85.99828571081161,0,18,0.02395499801312124,-6.617619276046753,0.25,864.91,4,66.653
1559,86.30171430110931,0,18,0.08195338194592397,-6.6468279759089155,0.25,865.35,4,65.511
1560,86.11964918673038,0,18,0.05949501657293391,-6.625002437167698,0.25,865.87,4,65.813
1561,86.19556301832199,0,18,0.009340777556846862,-6.638262603018019,0.25,866.44,4,65.868
1562,86.31506723165512,0,18,0.055014491436344945,-6.616145186954075,0.25,866.98,4,64.737
1563,86.25088891386986,0,18,0.06934750220059666,-6.629399100939433,0.25,867.58,4,66.154
1564,86.1273532807827,0,18,0.04319643579522866,-6.625663982497321,0.25,868.01,4,66.736
1565,86.17365427315235,0,18,0.04663670049901864,-6.620161785019769,0.25,868.54,4,66.936
1566,86.07064124941826,0,18,0.05755790098899322,-6.622853901651171,0.25,869.14,4,66.268
1567,86.20545369386673,0,18,0.029935947882222536,-6.613482819663154,0.25,869.68,4,65.811
1568,86.11636561155319,0,18,0.030143473390833404,-6.6290229426489935,0.25,870.3,4,67.384
1569,85.98788711428642,0,18,0.0433984160186406,-6.61982180012597,0.25,870.97,4,66.268
1570,86.19008633494377,0,18,0.06335316828315424,-6.6235077778498335,0.25,871.49,4,67.112
1571,86.03922800719738,0,18,0.07534739630116544,-6.615845693482293,0.25,872.04,4,64.626
1572,86.29813462495804,0,18,0.009266895764691677,-6.616092072592841,0.25,872.87,4,66.47
1573,86.23448723554611,0,18,0.05409109788221637,-6.594391889042324,0.25,873.43,4,65.778
1574,86.29166513681412,0,18,0.028089476729595237,-6.619526902834575,0.25,874.08,4,64.594
1575,86.26319751143456,0,18,0.04920845486402767,-6.628339966138204,0.25,874.58,4,65.575
1576,86.21728491783142,0,18,0.02917708838898155,-6.6362290779749555,0.25,875.2,4,66.506
1577,86.04145354032516,0,18,0.04145495749455424,-6.625525792439778,0.25,875.94,4,66.492
1578,86.14691573381424,0,18,0.037668397924486875,-6.640226191944546,0.25,876.56,4,66.44
1579,86.19382773339748,0,18,0.038917457377667435,-6.636974586380853,0.25,877.17,4,66.711
1580,86.21277928352356,0,18,0.030205862340456708,-6.618099358346727,0.25,877.71,4,66.511
1581,86.16702298820019,0,18,0.06176974347393601,-6.62732031610277,0.25,878.17,4,65.367
1582,86.00316363573074,0,18,0.04723957960797836,-6.632700032658047,0.25,878.76,4,66.122
1583,86.22027611732483,0,18,0.03482882415634473,-6.641015039549933,0.25,879.45,4,65.987
1584,86.04926326870918,0,18,0.0385265752897289,-6.629699720276727,0.25,880.07,4,65.728
1585,86.00227990746498,0,18,0.03650315882451752,-6.621870080629985,0.25,880.57,4,64.331
1586,86.13686469197273,0,18,0.029311926520272716,-6.62867456012302,0.25,881.21,4,66.17
1587,86.10729637742043,0,18,0.049086727274849785,-6.63270718521542,0.25,881.95,4,66.406
1588,86.25074699521065,0,18,0.056577493488778906,-6.604037827915615,0.25,882.75,4,65.869
1589,86.15101735293865,0,18,0.019343272438163694,-6.644337322976854,0.25,883.46,4,66.578
1590,86.04359894990921,0,18,0.045037346987252626,-6.642543567551507,0.25,884.15,4,67.031
1591,85.9179149121046,0,18,0.04662856091646164,-6.638628204663594,0.25,884.84,4,67.057
1592,86.25504112243652,0,18,0.045857123181475695,-6.642011377546522,0.25,885.44,4,65.626
1593,86.23011389374733,0,18,0.051752886582916185,-6.614916443824768,0.25,886.04,4,65.637
1594,86.12744626402855,0,18,0.024662623274707585,-6.615826580259535,0.25,886.58,4,67.33
1595,86.16991078853607,0,18,0.03483712269437294,-6.640466094017029,0.25,887.17,4,65.884
1596,86.07138848304749,0,18,0.03296594553820695,-6.6171336438920765,0.25,887.75,4,65.87
1597,86.20154502987862,0,18,0.02232678165647586,-6.639223588837518,0.25,888.34,4,66.392
1598,86.23413395881653,0,18,0.02477642096790886,-6.639720598856608,0.25,888.94,4,67.526
1599,86.14442229270935,0,18,0.03282968727767689,-6.620792547861735,0.25,889.51,4,66.133
1600,86.10097497701645,0,18,0.055454365957909126,-6.633946895599365,0.25,890.13,4,67.145
1601,85.98303824663162,0,18,0.03691691006103307,-6.639884220229255,0.25,890.76,4,67.655
1602,86.24116560816765,0,18,0.017931084623493614,-6.607181072235107,0.25,891.46,4,66.208
1603,86.15276116132736,0,18,0.04597442844240302,-6.610202643606398,0.25,892.14,4,66.055
1604,86.18748527765274,0,18,0.03845710226748148,-6.6201671494377985,0.25,892.75,4,66.943
1605,86.17979776859283,0,18,0.0503499470809806,-6.62814908557468,0.25,893.38,4,65.283
1606,86.11130803823471,0,18,0.030803985014244972,-6.623669531610277,0.25,894.08,4,64.896
1607,86.20500841736794,0,18,0.0622754308524236,-6.617692444059584,0.25,894.74,4,66.595
1608,86.23436772823334,0,18,0.04056073303773802,-6.634114397896661,0.25,895.36,4,64.961
1609,86.0982763171196,0,18,0.038135733787991434,-6.6059196790059405,0.25,896.01,4,66.019
1610,86.06576704978943,0,18,0.05324494080377917,-6.633364028400845,0.25,896.68,4,65.984
1611,86.28460121154785,0,18,0.024416434501492605,-6.638465404510498,0.25,897.3,4,66.161
1612,86.20597720146179,0,18,0.040788954077975684,-6.631276713477241,0.25,897.96,4,66.324
1613,86.23803472518921,0,18,0.040982347849219676,-6.637279192606608,0.25,898.6,4,65.291
1614,86.31824159622192,0,18,0.03631021060724985,-6.640900505913629,0.25,899.23,4,65.704
1615,86.12806263566017,0,18,0.04460004703469167,-6.637670675913493,0.25,899.86,4,65.423
1616,86.19767129421234,0,18,0.054166692403062676,-6.630101177427504,0.25,900.4,4,67.047
1617,85.89891804754734,0,18,0.046472122746005574,-6.6114747524261475,0.25,900.94,4,66.001
1618,86.12609109282494,0,18,0.06372450352521103,-6.622188316451179,0.25,901.53,4,67.512
1619,86.1056137084961,0,18,0.02917085763606843,-6.621776474846734,0.25,902.16,4,66.176
1620,86.28632301092148,0,18,0.039917582345676945,-6.611182795630561,0.25,902.68,4,65.768
1621,85.901217892766,0,18,0.10359084792273482,-6.619178771972656,0.25,903.32,4,67.507
1622,86.18453049659729,0,18,0.09223849008897862,-6.594365742471483,0.25,903.92,4,65.329
1623,86.15915048122406,0,18,0.020748988593469322,-6.635350227355957,0.25,904.4,4,65.966
1624,86.21969413757324,0,18,0.036079470593601094,-6.639438377486335,0.25,904.97,4,65.246
1625,86.21834814548492,0,18,0.035360939245139084,-6.625372992621528,0.25,905.49,4,67.426
1626,85.98902714252472,0,18,0.034210937177097854,-6.613105071915521,0.25,906.02,4,65.943
1627,86.13213685154915,0,18,0.03257081237870807,-6.635318146811591,0.25,906.57,4,64.662
1628,86.31490778923035,0,18,0.03779246966850122,-6.656340678532918,0.25,907.12,4,66.124
1629,86.0949726998806,0,18,0.05632884562591142,-6.640649689568414,0.25,907.69,4,66.369
1630,86.17119619250298,0,18,0.028794549929443747,-6.62537772125668,0.25,908.26,4,66.719
1631,86.11240288615227,0,18,0.060772687792753764,-6.589436795976427,0.25,908.82,4,66.421
1632,86.04082003235817,0,18,0.024460526048339187,-6.631106840239631,0.25,909.33,4,66.868
1633,86.0225814729929,0,18,0.0663881519299644,-6.628434711032444,0.25,909.92,4,65.488
1634,86.16162919998169,0,18,0.008258825119102968,-6.631877144177754,0.25,910.47,4,65.191
1635,86.25014215707779,0,18,0.06792238889142431,-6.637794454892476,0.25,911.08,4,67.917
1636,86.30828666687012,0,18,0.05964801159037355,-6.635016083717346,0.25,911.67,4,66.559
1637,85.96299986541271,0,18,0.0234585983008502,-6.627421299616496,0.25,912.31,4,66.673
1638,85.85054436326027,0,18,0.06887088320642458,-6.634660972489251,0.25,913.01,4,66.012
1639,86.13795214891434,0,18,0.016435186047298583,-6.61271705892351,0.25,913.62,4,65.819
1640,86.29357212781906,0,18,0.0442630514939487,-6.640431483586629,0.25,914.28,4,65.251
1641,86.12690618634224,0,18,0.03212780440571805,-6.63676479127672,0.25,914.9,4,66.647
1642,86.27979648113251,0,18,0.03729985701657926,-6.6231063736809626,0.25,915.52,4,66.396
1643,86.18108308315277,0,18,0.017762501939665123,-6.622510804070367,0.25,916.08,4,66.84
1644,86.11619147658348,0,18,0.05462239172053766,-6.609779437383016,0.25,916.7,4,66.158
1645,86.12940119206905,0,18,0.05067195006277972,-6.633369233873156,0.25,917.35,4,66.224
1646,86.23176401853561,0,18,0.06395203800315762,-6.631960166825189,0.25,917.98,4,65.386
1647,86.31824159622192,0,18,0.09603764831909858,-6.631756994459364,0.25,918.57,4,65.629
1648,86.17054688930511,0,18,0.05814617187681708,-6.637712823020087,0.25,919.16,4,66.071
1649,86.18676534295082,0,18,0.026805936062676967,-6.613963921864827,0.25,919.67,4,66.227
1650,86.06437723338604,0,18,0.05417470703367952,-6.612459328439501,0.25,920.27,4,66.196
1651,86.2694453895092,0,18,0.019506945755892957,-6.645647009213765,0.25,920.86,4,66.34
1652,86.10811573266983,0,18,0.038593021385471125,-6.627555953131782,0.25,921.4,4,65.092
1653,86.24183547496796,0,18,0.02599092505665289,-6.62958104080624,0.25,922.01,4,66.185
1654,85.97862166166306,0,18,0.03987595582657377,-6.6236661142773094,0.25,922.55,4,65.983
1655,86.17490530014038,0,18,0.0073735977040188215,-6.642893486552769,0.25,923.31,4,67.695
1656,86.10514947772026,0,18,0.059681193637718226,-6.638850755161709,0.25,924.1,4,67.009
1657,86.17138248682022,0,18,0.040356115509085716,-6.624493625428942,0.25,924.7,4,65.783
1658,86.20580154657364,0,18,0.07250938535495759,-6.594129535886976,0.25,925.47,4,66.296
1659,86.0605888068676,0,18,0.020849077193512738,-6.650009499655829,0.25,926.17,4,65.595
1660,86.18878620862961,0,18,0.040407022664213504,-6.643827584054735,0.25,926.77,4,66.397
1661,86.18181924521923,0,18,0.02639828025308412,-6.619104358885023,0.25,927.41,4,66.879
1662,86.31824159622192,0,18,0.057591051964461966,-6.650772518581814,0.25,928.11,4,66.246
1663,86.02892769873142,0,18,0.05165716836563661,-6.626717262797886,0.25,928.91,4,66.838
1664,86.18411138653755,0,18,0.03911605811158046,-6.627333852979872,0.25,929.56,4,65.358
1665,86.0199093669653,0,18,0.035682654634001665,-6.620618965890673,0.25,930.29,4,66.489
1666,86.19599512219429,0,18,0.05368559722208172,-6.624985655148824,0.25,931.11,4,65.99
1667,86.31625372171402,0,18,0.08886980280112766,-6.614899224705166,0.25,931.81,4,64.956
1668,86.05059990286827,0,18,0.0548561953348528,-6.609479811456469,0.25,932.44,4,65.648
1669,86.15325026214123,0,18,0.04059867319109697,-6.60141400496165,0.25,933.12,4,66.695
1670,86.27164074778557,0,18,0.055657405077605894,-6.637479729122585,0.25,933.73,4,66.913
1671,86.29614347219467,0,18,0.04079662336698675,-6.611048460006714,0.25,934.34,4,65.418
1672,86.14097613096237,0,18,0.05457838781330793,-6.628401517868042,0.25,935.01,4,66.56
1673,86.12109991908073,0,18,0.026710547607763147,-6.640396621492174,0.25,935.75,4,66.676
1674,86.19888257980347,0,18,0.05301826669751285,-6.629755324787563,0.25,936.3,4,66.765
1675,86.14647141098976,0,18,0.03697372459262422,-6.617753982543945,0.25,936.75,4,66.312
1676,86.23334383964539,0,18,0.035966339346487075,-6.627700567245483,0.25,937.17,4,67.485
1677,86.25708371400833,0,18,0.05291697235629221,-6.635213613510132,0.25,937.63,4,66.338
1678,86.15168470144272,0,18,0.03375705163044687,-6.64975028567844,0.25,938.12,4,66.897
1679,86.15574714541435,0,18,0.029557557816638616,-6.6104675266477795,0.25,938.7,4,66.471
1680,86.15004774928093,0,18,0.05378678377287037,-6.626159654723273,0.25,939.3,4,66.818
1681,86.13814088702202,0,18,0.04754484109374365,-6.615220255321926,0.25,939.84,4,67.198
1682,86.29472494125366,0,18,0.0770241999019466,-6.617489788267347,0.25,940.26,4,66.282
1683,86.15213760733604,0,18,0.05895055533427593,-6.624110208617316,0.25,940.81,4,65.446
1684,86.22072070837021,0,18,0.01131888407629352,-6.6138703558180065,0.25,941.45,4,64.451
1685,86.68760758638382,0,19,0.040196209658062476,-6.628130579647952,0.25,942.05,4,65.112
1686,86.13358262181282,0,18,0.02993565410623786,-6.641879889700148,0.25,942.66,4,65.646
1687,86.13738664984703,0,18,0.031792849080274105,-6.620762103133732,0.25,943.22,4,65.93
1688,86.000781416893,0,18,0.04341656593048052,-6.634345842732324,0.25,943.76,4,66.975
1689,86.10183218121529,0,19,0.02712364414306549,-6.627017106095406,0.25,944.4,4,65.555
1690,86.25734931230545,0,18,0.04072851976050313,-6.647111164198981,0.25,945.09,4,67.183
1691,85.92182393372059,0,18,0.020978876217870694,-6.6184466282526655,0.25,945.76,4,67.365
1692,86.17024421691895,0,18,0.046758281926284125,-6.609299514028761,0.25,946.42,4,65.482
1693,86.21181470155716,0,18,0.04132205153867593,-6.630185908741421,0.25,947.05,4,67.372
1694,86.18325424194336,0,18,0.07038769534847233,-6.639016244146559,0.25,947.67,4,66.477
1695,86.21192938089371,0,18,0.053531778824637714,-6.6074767642551,0.25,948.21,4,65.988
1696,86.31472903490067,0,18,0.06089927034008724,-6.619231263796489,0.25,948.84,4,67.097
1697,86.0204234868288,0,18,0.04001460333236335,-6.615632163153754,0.25,949.43,4,65.948
1698,86.19152098894119,0,18,0.046382336104721214,-6.632357160250346,0.25,950.07,4,66.564
1699,86.22025671601295,0,18,0.026171921519158384,-6.620184885130988,0.25,950.69,4,66.371
1700,85.83829274773598,0,18,0.07498169079372019,-6.65108597278595,0.25,951.23,4,65.764
1701,86.12773342430592,0,18,0.0733446185153702,-6.6325698428683815,0.25,951.86,4,66.532
1702,86.0952936410904,0,18,0.030779728014749708,-6.618150499131945,0.25,952.39,4,66.179
1703,85.83572795987129,0,18,0.027116009312723892,-6.63128497865465,0.25,952.94,4,65.553
1704,86.1815955042839,0,18,0.047265316166986954,-6.6280939314100475,0.25,953.48,4,64.653
1705,86.31824159622192,0,18,0.05712895774336681,-6.615892026159498,0.25,954.08,4,66.41
1706,86.19821663200855,0,18,0.021775013818215585,-6.629985981517368,0.25,954.61,4,66.477
1707,86.23020315170288,0,18,0.0020878350374510368,-6.619580997361077,0.25,955.19,4,66.229
1708,86.23800638318062,0,18,0.04896792109593662,-6.635607428020901,0.25,955.7,4,65.483
1709,86.21709769964218,0,18,0.07769955236916656,-6.630331900384691,0.25,956.26,4,66.183
1710,86.05266079306602,0,18,0.050755981873711185,-6.628564529948765,0.25,956.83,4,65.679
1711,86.09120480716228,0,18,0.05609693864284458,-6.612143980132209,0.25,957.37,4,66.137
1712,86.16768020391464,0,18,0.052271233074255484,-6.638380580478245,0.25,957.87,4,65.142
1713,85.96134474873543,0,18,0.013548049193306926,-6.615534279081556,0.25,958.42,4,66.452
1714,86.22397974133492,0,18,0.08291283808567743,-6.6209940910339355,0.25,958.96,4,67.057
1715,85.9583870768547,0,18,0.06700516391568574,-6.627084109518263,0.25,959.51,4,65.397
1716,86.26672565937042,0,18,0.05342661097296918,-6.633003314336141,0.25,960.01,4,65.792
1717,86.29648929834366,0,18,0.07762232744567478,-6.615396844016181,0.25,960.68,4,66.343
1718,86.26588070392609,0,18,0.04580530638061949,-6.628145827187432,0.25,961.27,4,66.048
1719,86.12976515293121,0,18,0.08318956965558755,-6.637666781743367,0.25,961.85,4,64.448
1720,85.98866505920887,0,18,0.05178129299070457,-6.6251985629399615,0.25,962.5,4,66.549
1721,86.07883004844189,0,18,0.05093486426620883,-6.638234376907349,0.25,963.2,4,66.364
1722,86.31824159622192,0,18,0.05153537183923618,-6.633920457628038,0.25,963.68,4,65.919
1723,86.01862019300461,0,18,0.03865695635562992,-6.591946058803135,0.25,964.26,4,66.28
1724,86.00445130467415,0,18,0.06616416045643644,-6.62343857023451,0.25,964.73,4,66.166
1725,86.01062241196632,0,18,0.031067446440627262,-6.61230644914839,0.25,965.2,4,66.688
1726,86.06919902563095,0,18,0.0704825572277817,-6.6126581695344715,0.25,965.65,4,65.807
1727,86.20687139034271,0,18,0.04119254708348308,-6.623890691333347,0.25,966.19,4,66.251
1728,86.22294101119041,0,18,0.04145590648204234,-6.620132512516445,0.25,966.74,4,66.828
1729,86.06591452658176,0,18,0.029446308160408483,-6.624853730201721,0.25,967.3,4,65.177
1730,85.95350821316242,0,18,0.05332773135988747,-6.611960940890842,0.25,967.82,4,65.434
1731,86.03316162526608,0,18,0.025520027234658,-6.607501122686598,0.25,968.36,4,66.796
1732,86.31824159622192,0,18,0.013111643090168299,-6.615038673082988,0.25,968.88,4,66.345
1733,86.14218564331532,0,18,0.05119162807032909,-6.617687384287517,0.25,969.35,4,65.802
1734,85.97124513983727,0,18,0.06786334525349957,-6.6312589512930975,0.25,969.85,4,66.194
1735,85.9863933622837,0,18,0.03625896047722361,-6.613144384490119,0.25,970.29,4,66.203
1736,85.68248066306114,0,18,0.04116393366651513,-6.625149197048611,0.25,970.77,4,66.093
1737,86.2800412774086,0,18,0.06461034524788072,-6.632399996121724,0.25,971.33,4,66.706
1738,86.17635163664818,0,18,0.03906588159730341,-6.6182285812166,0.25,971.93,4,66.116
1739,86.16071856021881,0,18,0.021138762055569613,-6.607475188043383,0.25,972.47,4,65.42
1740,86.0655908882618,0,18,0.07123066679883373,-6.629721416367425,0.25,973.07,4,65.951
1741,86.14535304903984,0,18,0.025064587962333462,-6.6392201979955034,0.25,973.65,4,66.311
1742,86.16907954216003,0,18,0.046000982432613254,-6.630162490738763,0.25,974.33,4,66.584
1743,86.23132103681564,0,18,0.06673188829699939,-6.625349919001262,0.25,974.91,4,65.814
1744,86.12377974390984,0,18,0.03623078425728939,-6.62478502591451,0.25,975.47,4,66.476
1745,86.18116489052773,0,18,0.027484027111616644,-6.622347884707981,0.25,976.07,4,66.326
1746,86.19512790441513,0,18,0.035920420065748554,-6.633976658185323,0.25,976.56,4,65.288
1747,86.13115221261978,0,18,0.0354410807501861,-6.6233680380715265,0.25,977.13,4,66.247
1748,86.76450949907303,0,19,0.013080353339468623,-6.6358315128169645,0.25,977.75,4,64.795
1749,85.7973382472992,0,18,0.05623053401167352,-6.606208807892269,0.25,978.41,4,64.97
1750,86.25275373458862,0,18,0.03834649708278448,-6.623474174075657,0.25,979.12,4,66.163
1751,86.2709533572197,0,18,0.036098500710472256,-6.6272606121169195,0.25,979.85,4,66.63
1752,86.15476074814796,0,18,0.03553665818647763,-6.632232632901934,0.25,980.42,4,66.519
1753,86.26846498250961,0,18,0.04597018741626218,-6.632038566801283,0.25,980.9,4,66.087
1754,86.29141068458557,0,18,0.014093651879193203,-6.624000648657481,0.25,981.43,4,65.736
1755,86.0257793366909,0,18,0.04599669782515371,-6.619222886032528,0.25,982.03,4,66.382
1756,86.28198689222336,0,18,0.06885789989024084,-6.620012329684363,0.25,982.51,4,65.747
1757,86.02581797540188,0,18,0.03706675416207064,-6.609457512696584,0.25,983.0,4,65.8
1758,86.2112330198288,0,18,0.08978747095453501,-6.629680871963501,0.25,983.58,4,66.312
1759,86.06927445530891,0,18,0.05066689840411224,-6.6127420796288385,0.25,984.07,4,65.946
1760,86.0372255295515,0,18,0.05220166879543184,-6.613313436508179,0.25,984.58,4,66.67
1761,86.1410755366087,0,18,0.04602978096348428,-6.6196065412627325,0.25,985.16,4,65.859
1762,86.18570557236671,0,18,0.025445658935900103,-6.624371919367048,0.25,985.71,4,64.927
1763,86.24884951114655,0,18,0.03712449700995219,-6.639156328307258,0.25,986.2,4,66.047
1764,86.269755423069,0,18,0.04874059788906177,-6.596792942947811,0.25,986.81,4,66.316
1765,85.78029128909111,0,18,0.05671015099081463,-6.6106418172518415,0.25,987.39,4,65.882
1766,86.27179527282715,0,18,0.05880747730265688,-6.620681193139818,0.25,987.92,4,67.52
1767,86.22504299879074,0,18,0.03550119133433327,-6.611346370644039,0.25,988.44,4,65.376
1768,86.14913900196552,0,18,0.02106657958120195,-6.610816134346856,0.25,989.05,4,65.477
1769,86.25877892971039,0,18,0.05895954801154504,-6.63889287577735,0.25,989.68,4,65.542
1770,86.23170420527458,0,18,0.07982558263817434,-6.613046977255079,0.25,990.32,4,66.777
1771,86.04563662409782,0,18,0.09583634940898061,-6.612352689107259,0.25,990.94,4,65.319
1772,85.97548598051071,0,18,0.07003329614700407,-6.59777918126848,0.25,991.49,4,66.988
1773,85.97354808449745,0,18,0.023055793736198718,-6.616654879517025,0.25,992.1,4,65.243
1774,86.08788630366325,0,18,0.06760934854941701,-6.61634165710873,0.25,992.7,4,66.228
1775,86.0015360713005,0,18,0.05917455182841675,-6.605729189183977,0.25,993.22,4,66.631
1776,85.9543582201004,0,18,0.05815636954462712,-6.606058180332184,0.25,993.75,4,66.515
1777,85.72971139848232,0,18,0.07910687401151033,-6.611494541168213,0.25,994.29,4,66.354
1778,86.67576739192009,0,19,0.03330168840270059,-6.6276482751924695,0.25,994.83,4,66.102
1779,86.16980051994324,0,18,0.04565838342771005,-6.621966163317363,0.25,995.39,4,65.567
1780,85.8801639676094,0,18,0.008801172123639844,-6.614432758755154,0.25,995.92,4,65.037
1781,85.99929060041904,0,18,0.028779139280181373,-6.610418571366204,0.25,996.4,4,67.061
1782,86.8254041671753,0,19,0.02415547093680712,-6.6223992517549695,0.25,996.86,4,64.687
1783,85.78391958773136,0,18,0.03751225743407202,-6.630958014064365,0.25,997.31,4,66.079
1784,86.03481024503708,0,18,0.023728627768529503,-6.582175016403198,0.25,997.78,4,66.317
1785,86.71485018730164,0,19,0.042444527854071296,-6.622074022685012,0.25,998.26,4,66.965
1786,86.47487959265709,0,19,0.024988921420827703,-6.611331214643505,0.25,998.81,4,64.792
1787,86.53883916139603,0,19,0.049833816711388985,-6.61081445380433,0.25,999.32,4,66.854
1788,86.69298096001148,0,19,0.03856170477039796,-6.609844560492529,0.25,999.91,4,64.72
1789,86.75645625591278,0,19,0.014652028847194742,-6.628903937666384,0.25,1000.34,4,65.678
1790,86.1287060379982,0,18,0.02661991078760669,-6.627939012315538,0.25,1000.83,4,65.772
1791,85.82122325897217,0,18,0.06080091269723198,-6.60263192653656,0.25,1001.29,4,65.457
1792,86.63456571102142,0,19,0.03427125302062462,-6.598749461239332,0.25,1001.75,4,64.202
1793,86.64399160444736,0,19,0.02401297217077888,-6.621944401362171,0.25,1002.26,4,66.868
1794,86.75662651658058,0,19,0.0009940121555003204,-6.6116836038354325,0.25,1002.88,4,65.264
1795,86.54894003272057,0,19,0.06515510817303972,-6.610849844266291,0.25,1003.41,4,65.715
1796,86.02822504937649,0,19,0.0594037767433504,-6.586340042009746,0.25,1003.99,4,66.714
1797,85.97302946448326,0,18,0.030424915045740717,-6.617241952154371,0.25,1004.54,4,65.876
1798,85.7261868417263,0,18,0.05854415882337586,-6.611327310403188,0.25,1005.05,4,67.278
1799,86.00959447026253,0,18,0.052016950782369044,-6.6122801370090905,0.25,1005.55,4,65.836
1800,85.8072099685669,0,18,0.04786911592560096,-6.598705232143402,0.25,1006.05,4,65.49
1801,86.18106749653816,0,18,0.021488651794091613,-6.614472541544172,0.25,1006.69,4,66.116
1802,86.21536529064178,0,18,0.09631808780421933,-6.598255713780721,0.25,1007.3,4,63.923
1803,85.99885413050652,0,18,0.023389521012985724,-6.610897945033179,0.25,1008.01,4,64.201
1804,85.85409900546074,0,18,0.048366486419177415,-6.597442805767059,0.25,1008.56,4,65.555
1805,86.56174924969673,0,19,0.05366813022695555,-6.60276857140946,0.25,1009.14,4,65.363
1806,86.66914710402489,0,19,0.028047986714925286,-6.630806282775043,0.25,1009.76,4,66.32
1807,85.96904516220093,0,18,0.028175149046344612,-6.642800052960713,0.25,1010.32,4,64.638
1808,86.55383265018463,0,19,0.06947625776218994,-6.6056937256904495,0.25,1010.84,4,66.41
1809,86.49081388115883,0,19,0.07300467529820122,-6.617257392569764,0.25,1011.28,4,64.803
1810,86.56876894831657,0,19,0.03656661489317417,-6.603954602594245,0.25,1011.77,4,66.722
1811,86.79591530561447,0,19,0.03511735596610329,-6.600257808214997,0.25,1012.29,4,66.605
1812,86.68054232001305,0,19,0.04317508235155949,-6.620643223801705,0.25,1012.82,4,66.578
1813,86.71660363674164,0,19,0.03647749837675716,-6.618111257683741,0.25,1013.43,4,66.046
1814,85.8903578221798,0,18,0.0167340462694483,-6.6126839187410145,0.25,1014.01,4,66.711
1815,86.10037687420845,0,18,0.01996311863129247,-6.610451936721802,0.25,1014.5,4,65.711
1816,86.83180809020996,0,19,0.019607197425239687,-6.618360271192577,0.25,1015.06,4,65.043
1817,86.73221749067307,0,19,0.015919953541114945,-6.617825142324787,0.25,1015.66,4,65.744
1818,86.65007942914963,0,19,0.03952459202583382,-6.618879488069717,0.25,1016.25,4,65.979
1819,86.73466381430626,0,19,0.024934612190943332,-6.610616357359167,0.25,1016.86,4,64.865
1820,86.78857645392418,0,19,0.03216163311149663,-6.615370410762421,0.25,1017.49,4,65.526
1821,85.75603142380714,0,18,0.0614884218046225,-6.6127308872010975,0.25,1018.12,4,65.296
1822,86.77775084972382,0,19,0.04791661487232052,-6.608262173117024,0.25,1018.72,4,64.928
1823,86.07786560058594,0,18,0.045725694214423934,-6.626873261398739,0.25,1019.29,4,64.974
1824,85.7201805561781,0,18,0.07934971593406065,-6.616174492571089,0.25,1019.81,4,67.139
1825,85.8824243247509,0,18,0.053177739422406174,-6.6153333981831866,0.25,1020.32,4,66.399
1826,86.6339310258627,0,19,0.02815385973521537,-6.6172805224379445,0.25,1020.83,4,66.362
1827,85.95415924489498,0,18,0.02892429785171973,-6.614452070660061,0.25,1021.47,4,66.269
1828,86.72116875648499,0,19,0.06561094854020653,-6.62717535071177,0.25,1022.07,4,65.433
1829,85.83604489266872,0,18,0.04310661273949437,-6.611536244551341,0.25,1022.6,4,67.834
1830,85.9702156484127,0,18,0.03446161542079709,-6.620199746555752,0.25,1023.05,4,66.772
1831,85.84429693222046,0,18,0.09683334899909823,-6.579674111472236,0.25,1023.57,4,65.626
1832,86.7262356877327,0,19,0.03633843487348289,-6.605061243658197,0.25,1024.05,4,64.434
1833,86.5327821969986,0,19,0.02095376782789858,-6.623786939333563,0.25,1024.64,4,65.15
1834,86.58647686243057,0,19,0.0402712203228961,-6.608006869276909,0.25,1025.23,4,66.885
1835,86.07378959655762,0,18,0.030151767191354237,-6.615778234269884,0.25,1025.77,4,65.356
1836,85.99473060667515,0,18,0.026243122390850557,-6.604777375857036,0.25,1026.29,4,65.486
1837,85.88179078698158,0,18,0.020074536506399454,-6.629702647527059,0.25,1026.8,4,67.514
1838,86.0528459250927,0,18,0.08142390886587236,-6.611284375190735,0.25,1027.24,4,65.35
1839,86.12297017872334,0,18,0.029788731894566607,-6.61187822288937,0.25,1027.7,4,65.954
1840,86.2107572555542,0,18,0.07668001186357287,-6.619812687238057,0.25,1028.18,4,65.218
1841,85.97471156716347,0,18,0.03556998391852378,-6.625743508338928,0.25,1028.8,4,66.003
1842,86.11943638324738,0,18,0.03793238411182958,-6.616928153567844,0.25,1029.23,4,66.273
1843,86.03536948561668,0,18,0.014113743934710024,-6.624277353286743,0.25,1029.75,4,66.525
1844,85.99302580952644,0,18,0.05166515062673069,-6.613813320795695,0.25,1030.29,4,66.6
1845,86.1328239440918,0,18,0.05059832449579618,-6.620544460084703,0.25,1030.76,4,66.804
1846,86.05081355571747,0,18,0.04573623811817621,-6.6300417052374945,0.25,1031.26,4,66.567
1847,86.05331599712372,0,18,0.03745515569870703,-6.618495292133755,0.25,1031.77,4,65.599
1848,86.03116601705551,0,18,0.05158437274854401,-6.622531705432468,0.25,1032.3,4,66.717
1849,86.04926231503487,0,18,0.050038278231719836,-6.618473635779487,0.25,1032.88,4,65.997
1850,85.89847126603127,0,18,0.01568654950864988,-6.615208228429158,0.25,1033.41,4,66.042
1851,85.95100975036621,0,18,0.03178044870876167,-6.629191769493951,0.25,1034.11,4,66.583
1852,85.98095071315765,0,18,0.03191604905512375,-6.604217436578539,0.25,1034.74,4,67.387
1853,85.99738797545433,0,18,0.024368696991283894,-6.61853473716312,0.25,1035.42,4,66.696
1854,86.15706697106361,0,18,0.018259286033551488,-6.623878108130561,0.25,1036.08,4,65.608
1855,85.96368558704853,0,18,0.059680881938927795,-6.6097804175482855,0.25,1036.68,4,65.506
1856,85.78364805877209,0,18,0.009900308137326242,-6.6034270657433405,0.25,1037.16,4,66.287
1857,85.89571379125118,0,18,0.04461269310518724,-6.622787793477376,0.25,1037.64,4,66.447
1858,86.03392082452774,0,18,0.05546127114767943,-6.635995056894091,0.25,1038.22,4,65.587
1859,86.70552080869675,0,19,0.012833913528706881,-6.60381084598907,0.25,1038.86,4,67.339
1860,85.95633310079575,0,18,0.026597311751882242,-6.6347485118442115,0.25,1039.47,4,65.762
1861,86.60210773348808,0,19,0.034862471122871955,-6.616784892670096,0.25,1040.12,4,67.192
1862,86.04195457696915,0,18,0.011788972108054926,-6.6273527012930975,0.25,1040.74,4,66.881
1863,86.28435683250427,0,18,0.07071717379595713,-6.611431466208564,0.25,1041.41,4,66.926
1864,86.0924221277237,0,18,0.02651241632813455,-6.629237718052334,0.25,1042.01,4,66.681
1865,85.94017891585827,0,18,0.04751599906113471,-6.61512549718221,0.25,1042.55,4,65.926
1866,86.11693733930588,0,18,0.07924491752277794,-6.608158734109667,0.25,1043.15,4,65.424
1867,85.92797443270683,0,18,0.041827748904122726,-6.618343975808886,0.25,1043.64,4,66.421
1868,86.16636689007282,0,18,0.007726763551444391,-6.62403126557668,0.25,1044.13,4,65.354
1869,86.10072791576385,0,18,0.09916930409730816,-6.605418774816725,0.25,1044.63,4,66.564
1870,86.67284320294857,0,19,0.027468640759526687,-6.625325496882608,0.25,1045.12,4,67.102
1871,86.08205345273018,0,18,0.07214719039641043,-6.612970756159888,0.25,1045.64,4,63.744
1872,85.90961137413979,0,18,0.06611565960378761,-6.62093022134569,0.25,1046.17,4,65.113
1873,86.16229376196861,0,18,0.05310636955295599,-6.630178809165955,0.25,1046.7,4,65.379
1874,86.14158588647842,0,18,0.02494119723077246,-6.613429837756687,0.25,1047.25,4,64.532
1875,86.05084270238876,0,18,0.050998849001290286,-6.625598483615452,0.25,1047.7,4,65.82
1876,86.58842152357101,0,19,0.056908500638662055,-6.627932600779076,0.25,1048.22,4,66.071
1877,86.0548112988472,0,18,0.0197960425311976,-6.624074101448059,0.25,1048.71,4,66.663
1878,86.71557885408401,0,19,0.02747785985531215,-6.619653061644672,0.25,1049.33,4,65.496
1879,86.63797600567341,0,19,0.052373294907539114,-6.61066315272083,0.25,1049.84,4,65.425
1880,86.48714125156403,0,19,0.06011967226771808,-6.61804757052905,0.25,1050.39,4,64.568
1881,86.78289437294006,0,19,0.031502636232202445,-6.611798443206369,0.25,1051.04,4,65.679
1882,85.68084833025932,0,18,0.05476075030209257,-6.646049327320522,0.25,1051.56,4,65.863
1883,86.09779405593872,0,18,0.024642832279924833,-6.614622751871745,0.25,1052.08,4,66.728
1884,86.66390120983124,0,19,0.028730972627010787,-6.642078125313537,0.25,1052.59,4,65.694
1885,86.12212958931923,0,18,0.02685932368411967,-6.63380601671007,0.25,1053.05,4,65.688
1886,85.74785913527012,0,18,0.010265251727812737,-6.631910019450718,0.25,1053.56,4,65.382
1887,86.1086054444313,0,18,0.03311430179433551,-6.6122075584199695,0.25,1054.04,4,66.192
1888,85.93243536353111,0,18,0.05833245823497338,-6.612660441133711,0.25,1054.61,4,65.726
1889,85.79487697780132,0,18,0.032425166605308836,-6.625807960828145,0.25,1055.2,4,66.468
1890,85.91180551052094,0,18,0.10461631847212832,-6.608619497881995,0.25,1055.69,4,65.244
1891,86.01123356819153,0,18,0.07395650243921005,-6.627143488989936,0.25,1056.3,4,66.421
1892,86.71917825937271,0,19,0.0067434247811596,-6.630585500638779,0.25,1056.84,4,66.409
1893,85.98118567466736,0,18,0.03933971305276726,-6.630644043286641,0.25,1057.32,4,67.15
1894,86.07430130243301,0,18,0.06570583049637611,-6.633946948581272,0.25,1057.73,4,66.216
1895,86.22909414768219,0,18,0.052916786202028256,-6.611420962545607,0.25,1058.21,4,65.85
1896,86.21276766061783,0,18,0.023802339696481392,-6.631158683035109,0.25,1058.71,4,66.629
1897,86.2387638092041,0,18,0.017982496693144237,-6.615989896986219,0.25,1059.17,4,66.87
1898,86.09378018975258,0,18,0.018866945668883597,-6.620607203907436,0.25,1059.59,4,67.117
1899,85.90095479786396,0,18,0.02111634904657775,-6.620541718271044,0.25,1059.98,4,66.069
1900,86.00700384378433,0,18,0.0590293336066073,-6.657580561108059,0.25,1060.52,4,66.653
1901,86.1211402118206,0,18,0.009275307949489312,-6.641067941983541,0.25,1061.14,4,66.173
1902,86.21866455674171,0,18,0.06026743798621384,-6.623780621422662,0.25,1061.58,4,65.859
1903,85.87156836688519,0,18,0.008325382094375932,-6.618043422698975,0.25,1062.02,4,65.654
1904,86.76429760456085,0,19,0.01490053885886669,-6.641501694509428,0.25,1062.54,4,66.976
1905,86.17632871866226,0,18,0.01653716668432834,-6.632736119959089,0.25,1063.13,4,65.918
1906,86.16704511642456,0,18,0.07195103078033248,-6.655901193618774,0.25,1063.74,4,65.469
1907,85.91047587990761,0,18,0.03827166926203063,-6.646411067909664,0.25,1064.39,4,67.281
1908,86.10616731643677,0,18,0.058195552772708145,-6.6254428956243725,0.25,1065.02,4,65.938
1909,86.1068828701973,0,18,0.01290207601575983,-6.607664995723301,0.25,1065.69,4,66.429
1910,86.20221316814423,0,18,0.036188358516685386,-6.61556355158488,0.25,1066.17,4,66.083
1911,85.97247457504272,0,18,0.012208065940083342,-6.617737041579352,0.25,1066.79,4,65.441
1912,86.73440772294998,0,19,0.0445388029386291,-6.610261054888164,0.25,1067.3,4,66.561
1913,86.64149290323257,0,19,0.023038758553424212,-6.6142557549150025,0.25,1067.85,4,66.879
1914,85.64237923920155,0,18,0.03221777924439569,-6.599638051456875,0.25,1068.37,4,66.631
1915,85.87541571259499,0,18,0.0653918268949888,-6.6262089014053345,0.25,1068.82,4,66.487
1916,86.17411333322525,0,18,0.06161538923596607,-6.6142069167561,0.25,1069.46,4,67.012
1917,85.9877397119999,0,18,0.011288387100850943,-6.618154989348517,0.25,1069.97,4,65.725
1918,86.04251995682716,0,18,0.08602321979469707,-6.639167997572157,0.25,1070.6,4,65.802
1919,85.91848641633987,0,18,0.04043089348872147,-6.613427930408054,0.25,1071.19,4,65.243
1920,86.03303962945938,0,18,0.02654073068899581,-6.637760837872823,0.25,1071.66,4,66.96
1921,86.21565407514572,0,18,0.0805269126537193,-6.610260168711345,0.25,1072.2,4,66.845
1922,86.29244244098663,0,18,0.009381562583459728,-6.624994450145298,0.25,1072.71,4,64.621
1923,86.22280192375183,0,18,0.01950874035790346,-6.616601096259223,0.25,1073.21,4,65.452
1924,86.27821415662766,0,18,0.032962979090471994,-6.6393577920065985,0.25,1073.71,4,66.48
1925,86.20613378286362,0,18,0.029657278507531575,-6.625871976216634,0.25,1074.24,4,66.743
1926,85.96545824408531,0,18,0.034661670761225755,-6.627491984102461,0.25,1074.8,4,66.082
1927,86.04386711120605,0,18,0.0810218640168993,-6.620230774084727,0.25,1075.31,4,66.508
1928,85.96029151976109,0,18,0.02313375531553498,-6.602278616693285,0.25,1075.79,4,65.291
1929,86.187090665102,0,18,0.06832948511156348,-6.623833020528157,0.25,1076.22,4,64.914
1930,86.52919554710388,0,19,0.07849735436360639,-6.629928614995251,0.25,1076.81,4,65.669
1931,86.05054114758968,0,18,0.008564825520099677,-6.630632466740078,0.25,1077.32,4,66.633
1932,86.15808430314064,0,18,0.039240823263551446,-6.6255249049928455,0.25,1077.87,4,64.429
1933,86.03402617573738,0,18,0.034810693745283866,-6.637764970461528,0.25,1078.41,4,67.244
1934,86.17866826057434,0,18,0.023454637449706044,-6.623251848750645,0.25,1078.96,4,66.326
1935,86.03829282522202,0,18,0.03296919063662548,-6.642458425627814,0.25,1079.46,4,66.757
1936,86.0987491607666,0,18,0.022475036010796937,-6.6371537579430475,0.25,1079.9,4,66.049
1937,86.21227645874023,0,18,0.027439583779394323,-6.616340425279406,0.25,1080.46,4,66.836
1938,85.80962081253529,0,18,0.034430295234516156,-6.609044498867458,0.25,1080.86,4,67.241
1939,86.21817681193352,0,18,0.06895116979507697,-6.617129935158624,0.25,1081.42,4,66.232
1940,85.7806354612112,0,18,0.07090456864504328,-6.621793124410841,0.25,1082.07,4,65.169
1941,85.7938122600317,0,18,0.01145526829350274,-6.616645481851366,0.25,1082.69,4,66.083
1942,86.0040552020073,0,18,0.051504340216120506,-6.603216316964891,0.25,1083.2,4,66.925
1943,86.00821870565414,0,18,0.05150588589418072,-6.630527363883124,0.25,1083.76,4,66.845
1944,86.02586761116982,0,18,0.045666100138179094,-6.648099501927693,0.25,1084.29,4,65.84
1945,86.13814732432365,0,18,0.01957712137815785,-6.620753473705715,0.25,1084.89,4,66.241
1946,86.12237504124641,0,18,0.024556161520447657,-6.635582870907253,0.25,1085.46,4,67.283
1947,86.12623777985573,0,18,0.0282930756972443,-6.6191028753916425,0.25,1085.93,4,65.59
1948,85.98821771144867,0,18,0.02525982386285048,-6.642485168245104,0.25,1086.36,4,65.465
1949,86.99318334460258,0,19,0.02594058721562662,-6.635562278128959,0.25,1086.92,4,66.7
1950,85.92197680473328,0,18,0.024199084762686753,-6.6328481965594825,0.25,1087.38,4,66.207
1951,85.75822289288044,0,18,0.002165324327355241,-6.635099132855733,0.25,1087.96,4,66.654
1952,86.56464913487434,0,19,0.029120374101968417,-6.625055783415494,0.25,1088.54,4,66.181
1953,85.82933969795704,0,18,0.03285209161367675,-6.630923562579685,0.25,1089.12,4,68.384
1954,86.21595984697342,0,18,0.05793246472633958,-6.6232730812496605,0.25,1089.59,4,65.262
1955,85.98595079779625,0,18,0.048295155555024394,-6.62770430246989,0.25,1090.09,4,65.495
1956,85.84422151744366,0,18,0.024226295161497546,-6.63753506872389,0.25,1090.55,4,66.45
1957,86.62275132536888,0,19,0.005529548359172872,-6.613529283706456,0.25,1091.07,4,66.252
1958,86.12828001379967,0,18,0.033645934223386575,-6.639574488004048,0.25,1091.55,4,67.944
1959,86.25525376200676,0,18,0.07184995666708953,-6.623110440042284,0.25,1092.01,4,65.339
1960,86.48336398601532,0,19,0.04501174742133478,-6.613691382212181,0.25,1092.49,4,66.114
1961,86.56230002641678,0,19,0.0307305348882163,-6.6186591370465,0.25,1093.01,4,65.21
1962,85.97109286487103,0,18,0.02008034457826903,-6.612939159075419,0.25,1093.56,4,66.829
1963,85.78697237372398,0,18,0.035499875242445945,-6.6162110567092896,0.25,1093.99,4,65.177
1964,85.85128340125084,0,18,0.047674877070069975,-6.636766539679633,0.25,1094.49,4,66.628
1965,86.04264205694199,0,18,0.05502074630031631,-6.632366233401829,0.25,1095.13,4,65.429
1966,86.01114743947983,0,18,0.04380628158721973,-6.6324277718861895,0.25,1095.71,4,65.994
1967,86.07603257894516,0,18,0.04000181042349343,-6.623839934666951,0.25,1096.17,4,66.283
1968,86.61982038617134,0,19,0.023842806871047513,-6.616200029033504,0.25,1096.72,4,66.233
1969,86.00298385322094,0,18,0.046402602326250215,-6.613093018531799,0.25,1097.31,4,66.041
1970,86.03026422858238,0,18,0.020262070229869603,-6.59778936041726,0.25,1097.76,4,65.985
1971,86.11571463942528,0,18,0.031819271764511034,-6.604011178016663,0.25,1098.41,4,66.594
1972,86.01563268899918,0,18,0.023870252407151484,-6.607171343432532,0.25,1099.05,4,66.068
1973,85.84027725458145,0,18,0.02244077316519603,-6.65128696627087,0.25,1099.72,4,66.456
1974,85.90931308269501,0,18,0.0349780783443647,-6.617544498708513,0.25,1100.29,4,67.104
1975,85.99344772100449,0,18,0.038034721880750216,-6.616711457570394,0.25,1100.72,4,66.509
1976,85.8754985332489,0,18,0.0457188921762079,-6.618832760386997,0.25,1101.22,4,66.169
1977,85.75825440883636,0,18,0.04374662859865768,-6.602411283387078,0.25,1101.71,4,67.042
1978,86.03337287902832,0,18,0.02851191906554757,-6.60238602426317,0.25,1102.23,4,66.718
1979,86.7405623793602,0,19,0.01633324560241643,-6.599689784115308,0.25,1102.82,4,66.916
1980,86.06836542487144,0,18,0.03704460278868282,-6.61193311214447,0.25,1103.33,4,66.217
1981,86.12180507183075,0,18,0.04244908892592826,-6.645047293768989,0.25,1103.94,4,65.047
1982,85.8316054046154,0,18,0.017446408317078346,-6.647290309270223,0.25,1104.47,4,66.048
1983,86.13861030340195,0,18,0.07986334993802302,-6.619642694791158,0.25,1104.91,4,66.833
1984,85.95846712589264,0,18,0.018526471143256156,-6.626999788814121,0.25,1105.43,4,66.739
1985,85.9785948395729,0,18,0.03504582151718852,-6.627077566252814,0.25,1105.93,4,65.563
1986,86.05577580630779,0,18,0.044203882414876716,-6.622964435153538,0.25,1106.48,4,65.842
1987,85.99584034085274,0,18,0.01664347746898582,-6.625421259138319,0.25,1107.01,4,67.081
1988,85.89321222901344,0,18,0.0482575079201221,-6.624534381760491,0.25,1107.57,4,68.1
1989,85.83544740080833,0,18,0.029953127350331163,-6.619327041837904,0.25,1107.99,4,66.249
1990,86.73019126057625,0,19,0.019573268185573797,-6.594098639814821,0.25,1108.42,4,65.073
1991,86.02708262205124,0,18,0.020737161873765016,-6.620579388406542,0.25,1108.93,4,66.761
1992,85.77842491865158,0,18,0.03685253579866791,-6.615247911877102,0.25,1109.52,4,64.761
1993,86.1444560289383,0,18,0.025053964760394995,-6.615908198886448,0.25,1110.09,4,66.549
1994,86.09242069721222,0,18,0.08747689167092984,-6.62273242076238,0.25,1110.67,4,66.594
1995,86.11798787117004,0,18,0.026149896132362,-6.625087320804596,0.25,1111.14,4,66.102
1996,85.81640779972076,0,18,0.02580427371857594,-6.604052927758959,0.25,1111.63,4,66.196
1997,86.05286061763763,0,18,0.04435257891054789,-6.6210618019104,0.25,1112.18,4,67.022
1998,86.21653178334236,0,18,0.04011216008398656,-6.605227589607239,0.25,1112.67,4,65.724
1999,86.2154889702797,0,18,0.04773064610859971,-6.622022728125255,0.25,1113.2,4,64.979
2000,86.09712278842926,0,18,0.02666098777192221,-6.602545420328776,0.25,1113.81,4,65.745
2001,86.27272820472717,0,18,0.04186144495502554,-6.609861400392321,0.25,1114.41,4,66.081
2002,86.12205794453621,0,18,0.006579494814508912,-6.59982477956348,0.25,1115.01,4,65.788
2003,86.28872328996658,0,18,0.038397704039653036,-6.5957326491673784,0.25,1115.61,4,66.862
2004,86.17940351366997,0,18,0.00158046479898783,-6.61761036184099,0.25,1116.07,4,65.847
2005,86.12729728221893,0,18,0.02330580326462142,-6.608200404379103,0.25,1116.61,4,67.271
2006,85.94175787270069,0,18,0.031112567574483465,-6.634178260962169,0.25,1117.06,4,66.31
2007,85.80821177363396,0,18,0.008888963217638471,-6.623582429356045,0.25,1117.56,4,66.932
2008,85.83191695809364,0,18,0.042292277565441815,-6.610107282797496,0.25,1117.95,4,65.836
2009,86.08710926771164,0,18,0.01587304765093399,-6.6038386887974205,0.25,1118.47,4,64.948
2010,85.78972744941711,0,18,0.03414146226572888,-6.615960803296831,0.25,1118.96,4,66.957
2011,86.05020236968994,0,18,0.03768854245047098,-6.607282612058851,0.25,1119.37,4,65.319
2012,86.58632880449295,0,19,0.03516800798677476,-6.603494696421166,0.25,1119.86,4,65.159
2013,86.52809858322144,0,19,0.024794109449729845,-6.610553538962586,0.25,1120.47,4,65.108
2014,85.99403917789459,0,18,0.05937247728444264,-6.609777602884504,0.25,1121.02,4,65.846
2015,85.7096565514803,0,18,0.029088272643801046,-6.601617455482483,0.25,1121.43,4,66.316
2016,86.19219866394997,0,18,0.05943697914032479,-6.60670268535614,0.25,1121.86,4,65.398
2017,86.03950497508049,0,18,0.04042449399457837,-6.62737590736813,0.25,1122.38,4,65.42
2018,86.11362251639366,0,18,0.012684325329751623,-6.609516885545519,0.25,1122.91,4,67.136
2019,86.0258791744709,0,18,0.03148655255770589,-6.620377229319678,0.25,1123.44,4,66.044
2020,86.31824159622192,0,18,0.02953880043949337,-6.604637867874569,0.25,1124.01,4,66.596
2021,85.96020850539207,0,18,0.03959978523410731,-6.605132341384888,0.25,1124.52,4,64.716
2022,86.58172921836376,0,19,0.018292008966031288,-6.632860849981439,0.25,1125.1,4,65.408
2023,86.62889754772186,0,19,0.011288003091702766,-6.592416031719887,0.25,1125.66,4,65.992
2024,86.62838479876518,0,19,0.04804665368811422,-6.618083026311169,0.25,1126.25,4,66.002
2025,85.93997836112976,0,18,0.04475455441959437,-6.609948542382982,0.25,1126.83,4,65.498
2026,86.25152340531349,0,18,0.0617861136569344,-6.60439391930898,0.25,1127.5,4,67.177
2027,86.70569205284119,0,19,0.03886853240433146,-6.601475898533652,0.25,1128.16,4,65.834
2028,85.98991867899895,0,18,0.06866477901712642,-6.621203541755676,0.25,1128.71,4,65.412
2029,85.88228100538254,0,18,0.04441991359928781,-6.618188632859124,0.25,1129.36,4,65.38
2030,86.88639429211617,0,19,0.014956334844125556,-6.635457639824854,0.25,1129.95,4,67.099
2031,85.94550001621246,0,18,0.042585241118002964,-6.608922362327576,0.25,1130.64,4,65.702
2032,86.01789173483849,0,18,0.03162651269313857,-6.619031469027202,0.25,1131.22,4,65.685
2033,86.03193436563015,0,18,0.03803648442064716,-6.611409730381435,0.25,1131.74,4,66.141
2034,86.20390084385872,0,18,0.016159932431845745,-6.615546902020772,0.25,1132.25,4,66.339
2035,86.12140557169914,0,18,0.008196714073164912,-6.611832499504089,0.25,1132.76,4,65.979
2036,86.25078192353249,0,18,0.0505478321165861,-6.6103156672583685,0.25,1133.26,4,66.53
2037,86.15742126107216,0,18,0.08119961085645223,-6.620395170317756,0.25,1133.75,4,66.178
2038,86.18227615952492,0,18,0.009617268988323404,-6.609516117307875,0.25,1134.37,4,66.573
2039,86.26512730121613,0,18,0.026922575741486474,-6.582293060090807,0.25,1134.95,4,66.346
2040,85.79672130942345,0,18,0.014448847102004139,-6.616920431454976,0.25,1135.54,4,66.478
2041,85.80625399947166,0,18,0.05830548358082726,-6.623283425966899,0.25,1136.14,4,65.654
2042,86.02936017513275,0,18,0.04267413459375449,-6.625733097394307,0.25,1136.71,4,65.528
2043,86.2150366306305,0,18,0.05224708743834425,-6.629169384638469,0.25,1137.38,4,65.378
2044,85.99671411514282,0,18,0.023377584397722886,-6.610499209827847,0.25,1137.92,4,65.991
2045,85.93975898623466,0,18,0.042768049197143734,-6.639598568280538,0.25,1138.47,4,65.523
2046,85.82257321476936,0,18,0.03030411926425182,-6.6165874401728315,0.25,1139.09,4,66.641
2047,86.08496311306953,0,18,0.009022945194980517,-6.614728238847521,0.25,1139.57,4,66.521
2048,86.08666038513184,0,18,0.026228101056504884,-6.630440009964837,0.25,1140.22,4,65.073
2049,86.14997500181198,0,18,0.06612388331359398,-6.61457798216078,0.25,1140.8,4,66.855
2050,86.21592593193054,0,18,0.0491399181782981,-6.622326095898946,0.25,1141.37,4,65.427
2051,86.22949352860451,0,18,0.041200402314643725,-6.619537949562073,0.25,1141.92,4,68.167
2052,86.1989935040474,0,18,0.018002859104853997,-6.607202755080329,0.25,1142.49,4,66.13
2053,86.24331766366959,0,18,0.02833475973703672,-6.635326425234477,0.25,1143.05,4,66.447
2054,86.13662761449814,0,18,0.023250433358245774,-6.616291920344035,0.25,1143.64,4,67.137
2055,86.11086875200272,0,18,0.03241017521597516,-6.6217894024319115,0.25,1144.18,4,66.186
2056,86.25153750181198,0,18,0.0494505910657305,-6.617884967062208,0.25,1144.66,4,66.746
2057,86.14177769422531,0,18,0.02429910990516267,-6.612980100843641,0.25,1145.09,4,65.357
2058,86.20819973945618,0,18,0.008756062718829425,-6.6122406058841285,0.25,1145.65,4,66.137
2059,86.11249226331711,0,18,0.023278868311131698,-6.621398978763157,0.25,1146.12,4,65.204
2060,86.1502217054367,0,18,0.03819555456761413,-6.616027183002895,0.25,1146.66,4,66.719
2061,86.18717256188393,0,18,0.02472852997728599,-6.604811072349548,0.25,1147.16,4,65.398
2062,86.08124758303165,0,18,0.008218008992470358,-6.625672486093309,0.25,1147.64,4,66.253
2063,86.18149328231812,0,18,0.06295726614937142,-6.618192778693305,0.25,1148.18,4,67.157
2064,85.96320453286171,0,18,0.04696882069886973,-6.615742458237542,0.25,1148.65,4,66.863
2065,86.15843766927719,0,18,0.03137474234224808,-6.613014671537611,0.25,1149.17,4,66.179
2066,86.21123296022415,0,18,0.051748100947103616,-6.624916447533502,0.25,1149.74,4,67.623
2067,86.02316018939018,0,18,0.020396699372819665,-6.618002388212416,0.25,1150.24,4,67.04
2068,86.22495549917221,0,18,0.04824999362709706,-6.628624346521166,0.25,1150.79,4,66.142
2069,86.0975367128849,0,18,0.014231830763088106,-6.6276477045483055,0.25,1151.27,4,66.287
2070,85.94075071811676,0,18,0.0636139699878792,-6.605724175771077,0.25,1151.77,4,65.802
2071,85.95758573710918,0,18,0.07596452620802868,-6.582621693611145,0.25,1152.26,4,65.985
2072,86.00382454693317,0,18,0.014509208666014375,-6.628241803910997,0.25,1152.74,4,66.948
2073,86.16003283858299,0,18,0.029924391670142034,-6.637297259436713,0.25,1153.3,4,66.918
2074,85.97257317602634,0,18,0.018026365812652836,-6.603496485286289,0.25,1153.88,4,65.542
2075,86.16058987379074,0,18,0.014685776551788068,-6.629658288425869,0.25,1154.47,4,65.789
2076,86.2617829144001,0,18,0.03598190992003462,-6.600039217207167,0.25,1155.13,4,66.893
2077,86.25824284553528,0,18,0.04488608393643921,-6.637712412410313,0.25,1155.71,4,65.03
2078,86.24559882283211,0,18,0.034554021738990234,-6.618788268831041,0.25,1156.29,4,65.878
2079,86.2043662071228,0,18,0.0005092227158658918,-6.632319370905559,0.25,1156.85,4,66.038
2080,86.0419297516346,0,18,0.016068557456290163,-6.627883659468757,0.25,1157.41,4,65.441
2081,86.18340474367142,0,18,0.0026751011450364282,-6.6210608217451306,0.25,1158.06,4,64.769
2082,85.98811784386635,0,18,0.023735736066808184,-6.631648792160882,0.25,1158.71,4,66.286
2083,86.25753578543663,0,18,0.023458472546836775,-6.616059448983934,0.25,1159.38,4,65.474
2084,86.65506041049957,0,19,0.029983853040305316,-6.648259842232482,0.25,1160.0,4,66.101
2085,86.7504506111145,0,19,0.013135040206503768,-6.636298924276273,0.25,1160.59,4,65.683
2086,86.85646370053291,0,19,0.035576778604156235,-6.644972161070942,0.25,1161.24,4,65.526
2087,86.0093703866005,0,18,0.08505183310585886,-6.620195481512281,0.25,1161.79,4,66.412
2088,86.85750305652618,0,19,0.009673450144437582,-6.619742498005906,0.25,1162.39,4,65.622
2089,85.57100839912891,0,18,0.04904262443091688,-6.59334745672014,0.25,1162.97,4,65.236
2090,86.69881355762482,0,19,0.05720753455145862,-6.620461072007271,0.25,1163.55,4,66.419
2091,86.06218081712723,0,18,0.023804398453244682,-6.636312120490604,0.25,1164.04,4,66.052
2092,86.69373273849487,0,19,0.03369982556455086,-6.640151004268699,0.25,1164.54,4,65.579
2093,86.18208914995193,0,18,0.015117917296871989,-6.617765929963854,0.25,1165.09,4,66.591
2094,86.31824159622192,0,18,0.033852096629945864,-6.630777769618565,0.25,1165.74,4,66.13
2095,86.76315051317215,0,19,0.06334959489212863,-6.615144514057734,0.25,1166.26,4,66.225
2096,86.2099552154541,0,18,0.0010262346714726947,-6.611656824747722,0.25,1166.84,4,64.8
2097,85.82406264543533,0,18,0.02148740245754905,-6.610588457849291,0.25,1167.43,4,67.256
2098,86.73161160945892,0,19,0.0399587884139567,-6.60915391085899,0.25,1167.92,4,65.115
2099,85.9543080329895,0,18,0.024500946804033044,-6.626468896865845,0.25,1168.37,4,65.377
2100,86.15948882699013,0,18,0.030634714213091583,-6.609915985001458,0.25,1168.88,4,66.539
2101,86.2354428768158,0,18,0.029062094354028685,-6.620127942827013,0.25,1169.49,4,66.186
2102,85.9578085243702,0,18,0.0013155200027641614,-6.6221228573057385,0.25,1170.04,4,66.233
2103,86.79363471269608,0,19,0.0193132744070058,-6.629486835166199,0.25,1170.64,4,66.835
2104,86.78810667991638,0,19,0.04107896721041171,-6.617968814013755,0.25,1171.19,4,66.587
2105,86.52246487140656,0,19,0.023178259404842607,-6.628946624390067,0.25,1171.72,4,66.774
2106,85.8031662106514,0,18,0.03021137776305396,-6.61955326795578,0.25,1172.27,4,66.571
2107,85.9743022620678,0,18,0.0186968099770234,-6.629883964856465,0.25,1172.85,4,66.862
2108,86.69346442818642,0,19,0.03359231071734852,-6.610086088311182,0.25,1173.37,4,65.416
2109,85.84657856822014,0,18,0.020903588156417956,-6.625924547513326,0.25,1173.95,4,65.527
2110,85.92494040727615,0,18,0.023785843069163093,-6.623039232359992,0.25,1174.43,4,65.608
2111,85.83448031544685,0,18,0.03626617510538684,-6.627407352129619,0.25,1174.99,4,66.371
2112,85.82746252417564,0,18,0.019120599187115457,-6.620623005761041,0.25,1175.63,4,65.414
2113,86.84741657972336,0,19,0.020791019088080735,-6.623689912769892,0.25,1176.26,4,67.389
2114,86.04850032925606,0,18,0.009696103697731613,-6.626965641975403,0.25,1176.8,4,67.333
2115,86.1760867536068,0,18,0.04745256356702359,-6.615283687909444,0.25,1177.37,4,65.783
2116,86.07320562005043,0,18,0.0035877021965562664,-6.627264049318102,0.25,1177.87,4,66.291
2117,86.00567774474621,0,18,0.014149792860482395,-6.636776553259955,0.25,1178.31,4,65.993
2118,86.15661290287971,0,18,0.059435986407152086,-6.623801867167155,0.25,1178.79,4,66.883
2119,86.31824159622192,0,18,0.010808854672177404,-6.643434776200189,0.25,1179.4,4,65.782
2120,86.0323677957058,0,18,0.010956347880993336,-6.614193134837681,0.25,1179.99,4,66.434
2121,86.1829759478569,0,18,0.03929736840776362,-6.627487791909112,0.25,1180.52,4,67.128
2122,86.03919360041618,0,18,0.023556681756821893,-6.625326898362902,0.25,1181.07,4,65.682
2123,86.03385871648788,0,18,0.052853369064703455,-6.63261013560825,0.25,1181.59,4,65.746
2124,86.05947723984718,0,18,0.049190174260123364,-6.615996016396417,0.25,1182.16,4,67.194
2125,86.1818143427372,0,18,0.06938801175389624,-6.632869091298845,0.25,1182.69,4,66.125
2126,86.01300367712975,0,18,0.028710610010825297,-6.615065952142079,0.25,1183.22,4,64.965
2127,86.23425862193108,0,18,0.06614958935713527,-6.6344081494543286,0.25,1183.95,4,65.756
2128,86.2229825258255,0,18,0.07357111754926235,-6.6378840406735735,0.25,1184.58,4,66.07
2129,86.20297259092331,0,18,0.023183815001882775,-6.611292236381107,0.25,1185.22,4,66.633
2130,86.238590747118,0,18,0.021333156063620764,-6.629362020227644,0.25,1185.81,4,66.912
2131,86.25773939490318,0,18,0.037665910797942265,-6.646111726760864,0.25,1186.51,4,66.73
2132,86.18293470144272,0,18,0.035448192597363634,-6.6120269563463,0.25,1187.14,4,67.408
2133,86.17169535160065,0,18,0.05938383505882586,-6.6335432794359,0.25,1187.68,4,66.323
2134,86.27080741524696,0,18,0.01488929938129028,-6.631400373246935,0.25,1188.24,4,65.849
2135,86.23040544986725,0,18,0.06340572531593756,-6.611961444218953,0.25,1188.85,4,67.328
2136,86.19236385822296,0,18,0.025901431327737454,-6.627904951572418,0.25,1189.5,4,65.618
2137,86.06658524274826,0,18,0.05054100228456567,-6.628515892558628,0.25,1190.15,4,67.18
2138,86.0751569122076,0,18,0.0038271675883960496,-6.633033918009864,0.25,1190.74,4,67.726
2139,86.28883427381516,0,18,0.017973434881898558,-6.624942329194811,0.25,1191.29,4,65.33
2140,85.93605199456215,0,18,0.037163186258516764,-6.620454337861803,0.25,1191.7,4,65.99
2141,86.18359009921551,0,18,0.025050489389994053,-6.610792312357161,0.25,1192.15,4,65.007
2142,86.21533104777336,0,18,0.02120343505602149,-6.615447554323408,0.25,1192.76,4,66.559
2143,85.99379086494446,0,18,0.02311468844254705,-6.603111353185442,0.25,1193.24,4,66.831
2144,86.06704139709473,0,18,0.03447978425002576,-6.6178582310676575,0.25,1193.73,4,65.291
2145,86.09015902876854,0,18,0.00938203016615565,-6.638325028949314,0.25,1194.3,4,67.577
2146,86.20933797955513,0,18,0.04180858966815827,-6.639374156792958,0.25,1194.84,4,65.413
2147,86.23400327563286,0,18,0.005650192292048612,-6.62213181787067,0.25,1195.37,4,66.646
2148,86.3047953248024,0,18,0.0656582209299409,-6.620901505152385,0.25,1195.91,4,65.125
2149,86.07655300199986,0,18,0.029354445098558953,-6.636175963613722,0.25,1196.52,4,66.148
2150,86.12939824163914,0,18,0.003961795666024652,-6.603954043653276,0.25,1197.08,4,67.155
2151,86.20734623074532,0,18,0.03415449487137165,-6.614911297957103,0.25,1197.7,4,65.345
2152,86.1589330136776,0,18,0.016655981749105802,-6.624682996008131,0.25,1198.28,4,66.851
2153,86.25311741232872,0,18,0.020570511601666414,-6.639615641699897,0.25,1198.75,4,65.744
2154,86.23029780387878,0,18,0.023492999163055275,-6.636380294958751,0.25,1199.28,4,66.442
2155,86.12105932831764,0,18,0.03673523478947674,-6.610730164580875,0.25,1199.75,4,65.987
2156,86.29977643489838,0,18,0.03810971592237264,-6.622659312354194,0.25,1200.23,4,66.001
2157,86.24333223700523,0,18,0.03860558648011647,-6.620963374773662,0.25,1200.78,4,66.88
2158,86.11066889762878,0,18,0.05695834590894972,-6.607448663976458,0.25,1201.3,4,65.718
2159,86.23141479492188,0,18,0.017948697383720475,-6.614583108160231,0.25,1201.8,4,65.89
2160,86.10519570112228,0,18,0.04236265556078757,-6.624543501271142,0.25,1202.3,4,65.571
2161,86.20320183038712,0,18,0.030295187798805676,-6.6276896595954895,0.25,1202.75,4,67.24
2162,86.20595252513885,0,18,0.0004183970771818066,-6.617894722355737,0.25,1203.23,4,65.88
2163,85.62322527170181,0,18,0.02805331978530982,-6.632244308789571,0.25,1203.88,4,65.599
2164,86.08890998363495,0,18,0.012144365521079534,-6.622864743073781,0.25,1204.39,4,66.365
2165,85.72150522470474,0,18,0.03303747353988405,-6.62244674232271,0.25,1204.98,4,66.871
2166,86.05604591965675,0,18,0.025107157918682788,-6.635236673884922,0.25,1205.49,4,66.114
2167,86.03414615988731,0,18,0.032428157322606746,-6.623569415675269,0.25,1205.94,4,65.66
2168,86.15751561522484,0,18,0.06661716372258929,-6.611561463938819,0.25,1206.44,4,65.58
2169,86.03823706507683,0,18,0.020106142317773548,-6.613294363021851,0.25,1206.89,4,65.684
2170,86.12559294700623,0,18,0.036819705804090413,-6.622549811999003,0.25,1207.36,4,65.211
2171,86.19183358550072,0,18,0.04275901552339039,-6.617102344830831,0.25,1207.89,4,66.218
2172,86.01591095328331,0,18,0.01487842334932389,-6.63019155131446,0.25,1208.46,4,66.727
2173,86.081348747015,0,18,0.04531119780616185,-6.628667407565647,0.25,1208.94,4,65.687
2174,86.11739015579224,0,18,0.03635617379172294,-6.629143039385478,0.25,1209.4,4,65.776
2175,86.21860206127167,0,18,0.0239107875406464,-6.636437588267857,0.25,1209.93,4,65.901
2176,86.215567111969,0,18,0.0006166730383180644,-6.6598402460416155,0.25,1210.44,4,66.904
2177,85.99081246554852,0,18,0.034065441623018465,-6.631410618623097,0.25,1211.09,4,66.89
2178,85.99730202555656,0,18,0.030945867254306196,-6.616179009278615,0.25,1211.62,4,66.245
2179,86.0730494260788,0,18,0.037748755284357886,-6.597862488693661,0.25,1212.18,4,64.641
2180,86.27982383966446,0,18,0.054324579772178874,-6.609678281678094,0.25,1212.77,4,65.353
2181,85.91864851117134,0,18,0.017355913918032054,-6.629248486624824,0.25,1213.39,4,67.274
2182,86.15733695030212,0,18,0.01588783422792201,-6.622226026323107,0.25,1213.99,4,66.316
2183,86.12192879617214,0,18,0.002033636606483924,-6.609093606472015,0.25,1214.63,4,66.881
2184,86.09108155965805,0,18,0.002859529059858485,-6.607536481486426,0.25,1215.18,4,65.477
2185,86.04211354255676,0,18,0.01201328857364893,-6.6202312509218855,0.25,1215.89,4,65.493
2186,86.20029327273369,0,18,0.03242883466060044,-6.6160217722256975,0.25,1216.52,4,66.802
2187,86.16787806153297,0,18,0.029837848378115775,-6.630603207482232,0.25,1217.03,4,66.586
2188,86.20825612545013,0,18,0.04768514391435019,-6.600362188286251,0.25,1217.59,4,65.638
2189,86.07962322235107,0,18,0.026611554252263483,-6.630732794602712,0.25,1218.2,4,66.63
2190,86.1273620724678,0,18,0.0020495364709758076,-6.636739280488756,0.25,1218.85,4,66.195
2191,85.99043360352516,0,18,0.0451340344583918,-6.610117859310574,0.25,1219.41,4,66.192
2192,85.97054171562195,0,18,0.08344643733047026,-6.594338834285736,0.25,1219.96,4,65.297
2193,85.99171769618988,0,18,0.028015695512395824,-6.626154190964169,0.25,1220.59,4,66.559
2194,86.21955639123917,0,18,0.04607771307135206,-6.628018856048584,0.25,1221.17,4,65.59
2195,86.06169578433037,0,18,0.04676273769170317,-6.618978109624651,0.25,1221.71,4,66.345
2196,86.13930690288544,0,18,0.05699207549196217,-6.632571438948314,0.25,1222.17,4,65.365
2197,86.06607019901276,0,18,0.021139183813122346,-6.627322634061177,0.25,1222.77,4,67.31
2198,85.99973031878471,0,18,0.013465568851340018,-6.612222221162584,0.25,1223.35,4,64.235
2199,86.24274837970734,0,18,0.008559269875655041,-6.609211444854736,0.25,1223.89,4,66.787
2200,85.61881038546562,0,18,0.03649225056091786,-6.608470877011617,0.25,1224.37,4,64.946
2201,86.00548794865608,0,18,0.046016479108200455,-6.617077218161689,0.25,1224.94,4,66.607
2202,85.95862221717834,0,18,0.04226678551771733,-6.6133210394117565,0.25,1225.41,4,64.179
2203,86.26028400659561,0,18,0.05670919683547658,-6.622566978136699,0.25,1226.11,4,66.74
2204,86.16129842400551,0,18,0.02987702963875765,-6.6321009861098394,0.25,1226.76,4,67.613
2205,86.16357260942459,0,18,0.02084952431737798,-6.620710697438982,0.25,1227.25,4,64.716
2206,86.3068477511406,0,18,0.07371994059172317,-6.619050913386875,0.25,1227.77,4,66.56
2207,86.11842215061188,0,18,0.06197174444544847,-6.613798194461399,0.25,1228.28,4,65.101
2208,86.07800343632698,0,18,0.03538431221477367,-6.63118255800671,0.25,1228.82,4,66.495
2209,86.17453002929688,0,18,0.03077083537391445,-6.632104734579722,0.25,1229.24,4,66.897
2210,86.1133074015379,0,18,0.014372290997976557,-6.618464350700378,0.25,1229.84,4,65.536
2211,86.28637081384659,0,18,0.032311863741799444,-6.620712796847026,0.25,1230.42,4,65.851
2212,86.15983811020851,0,18,0.011989083663138445,-6.598122517267863,0.25,1231.01,4,66.146
2213,86.18225601315498,0,18,0.02537388165253813,-6.6158650914827986,0.25,1231.56,4,67.218
2214,86.11295177042484,0,18,0.04029078221497508,-6.6209933625327215,0.25,1232.01,4,65.236
2215,86.22000738978386,0,18,0.07777784647825886,-6.604340414206187,0.25,1232.47,4,65.568
2216,86.0089750289917,0,18,0.006059450007493676,-6.606154567665524,0.25,1233.02,4,64.759
2217,86.22425782680511,0,18,0.01667462017606643,-6.622363785902659,0.25,1233.57,4,65.22
2218,85.92410127818584,0,18,0.04331188828311699,-6.611495918697781,0.25,1234.03,4,64.434
2219,86.21121475100517,0,18,0.03446580585957943,-6.621489657296075,0.25,1234.5,4,66.974
2220,86.16533944010735,0,18,0.04769399290186508,-6.619530916213989,0.25,1234.99,4,66.751
2221,86.2378945350647,0,18,0.04069160045532448,-6.629075441095564,0.25,1235.54,4,66.082
2222,86.1753588616848,0,18,0.025869549942197208,-6.628970450825161,0.25,1235.98,4,65.593
2223,85.99814721941948,0,18,0.05666334553845647,-6.623026443852319,0.25,1236.5,4,67.111
2224,86.23267677426338,0,18,0.06642410277830398,-6.621568335427178,0.25,1237.07,4,66.002
2225,86.16942575573921,0,18,0.01931619327216241,-6.614406294292873,0.25,1237.48,4,66.99
2226,86.20326587557793,0,18,0.02482067128120333,-6.617503252294329,0.25,1237.91,4,66.726
2227,86.20334324240685,0,18,0.040863624365101714,-6.61596996916665,0.25,1238.34,4,65.008
2228,86.22437530755997,0,18,0.021085859878894553,-6.629187862078349,0.25,1238.84,4,65.939
2229,86.18630453944206,0,18,0.021626410262847964,-6.616269919607374,0.25,1239.28,4,66.091
2230,86.27476686239243,0,18,0.016351372529647454,-6.637316359413995,0.25,1239.87,4,67.314
2231,86.21051689982414,0,18,0.07730555434651858,-6.607733527819316,0.25,1240.38,4,65.455
2232,85.96447794139385,0,18,0.032709563727116295,-6.608457194434272,0.25,1240.82,4,66.395
2233,86.19194731116295,0,18,0.03174722545534476,-6.615516768561469,0.25,1241.35,4,66.419
2234,85.92719995975494,0,18,0.015869319669642817,-6.616589042875502,0.25,1241.81,4,66.263
2235,86.12460064888,0,18,0.02659215359340629,-6.596658501360151,0.25,1242.3,4,66.145
2236,86.2397548854351,0,18,0.032968438250514334,-6.60184328423606,0.25,1242.9,4,66.41
2237,86.21418079733849,0,18,0.018958052437685384,-6.626270532608032,0.25,1243.53,4,67.066
2238,86.2865378856659,0,18,0.002167246441028207,-6.624410768349965,0.25,1244.14,4,66.221
2239,85.9546988606453,0,18,0.013336869238426315,-6.615506735112932,0.25,1244.7,4,66.047
2240,86.18195253610611,0,18,0.05273746170061915,-6.610554271274143,0.25,1245.25,4,66.375
2241,85.95335671305656,0,18,0.03604584023317633,-6.616731809245215,0.25,1245.8,4,67.792
2242,86.2025499343872,0,18,0.042517916289297214,-6.618661476506127,0.25,1246.33,4,65.502
2243,86.29596573114395,0,18,0.02352298848028214,-6.6207857264412775,0.25,1246.92,4,66.606
2244,86.1341906785965,0,18,0.01948656531193491,-6.621022648281521,0.25,1247.41,4,66.648
2245,86.096225425601,0,18,0.03256028585332792,-6.600574678844875,0.25,1248.03,4,65.07
2246,86.12214839458466,0,18,0.004936517010921509,-6.602849317921533,0.25,1248.53,4,65.711
2247,86.26097685098648,0,18,0.01875587452599979,-6.632526728841993,0.25,1249.12,4,66.735
2248,86.21474629640579,0,18,0.018121347636729804,-6.615793393717872,0.25,1249.64,4,65.869
2249,86.11803129315376,0,18,0.006299995268364,-6.613293025228712,0.25,1250.33,4,66.942
2250,86.1528143286705,0,18,0.036761809297079,-6.619610501660241,0.25,1250.87,4,66.048
2251,86.2180937230587,0,18,0.011269031340210253,-6.638113962279426,0.25,1251.38,4,66.626
2252,86.0233552902937,0,18,0.019645996988098584,-6.612935112582313,0.25,1251.88,4,64.618
2253,86.25145667791367,0,18,0.015215048284668834,-6.626262009143829,0.25,1252.38,4,65.737
2254,86.08150193095207,0,18,0.01728410198534726,-6.637919704119365,0.25,1252.95,4,64.789
2255,86.01646882295609,0,18,0.016911830072331213,-6.603721883561876,0.25,1253.51,4,66.596
2256,86.28523963689804,0,18,0.04124224161685359,-6.603489922152625,0.25,1254.05,4,66.691
2257,86.0793054997921,0,18,0.041444478600068474,-6.603345765007867,0.25,1254.7,4,66.074
2258,86.19761002063751,0,18,0.032678095616372756,-6.621500525209639,0.25,1255.31,4,65.006
2259,86.2788667678833,0,18,0.012639574841917542,-6.627708123789893,0.25,1255.85,4,67.253
2260,86.18114665150642,0,18,0.037658026587501406,-6.607297248310513,0.25,1256.37,4,64.974
2261,86.2577757537365,0,18,0.020303928869856866,-6.633078734079997,0.25,1256.99,4,64.877
2262,86.15535217523575,0,18,0.020972328417479327,-6.609321309460534,0.25,1257.54,4,65.273
2263,86.07206594944,0,18,0.05206011133547387,-6.618685848183102,0.25,1258.04,4,66.531
2264,86.23121467232704,0,18,0.042961456513997597,-6.639322605397966,0.25,1258.61,4,67.014
2265,86.1894388794899,0,18,0.029817520890598342,-6.615169492032793,0.25,1259.11,4,66.189
2266,86.14647583663464,0,18,0.02328719810273267,-6.617447257041931,0.25,1259.64,4,65.518
2267,86.04680863022804,0,18,0.052659360103967226,-6.633515225516425,0.25,1260.16,4,66.445
2268,86.15866816043854,0,18,0.04256592243372223,-6.625736501481798,0.25,1260.68,4,66.147
2269,86.18304657936096,0,18,0.05892931772349483,-6.610726283656226,0.25,1261.24,4,66.332
2270,86.10976135730743,0,18,0.05307608249874344,-6.622407058874766,0.25,1261.78,4,65.692
2271,86.23117053508759,0,18,0.06270865370364238,-6.612304674254523,0.25,1262.33,4,66.289
2272,86.29537504911423,0,18,0.017373037052594655,-6.625077095296648,0.25,1262.82,4,66.784
2273,86.09653913974762,0,18,0.03665254058776352,-6.635967433452606,0.25,1263.38,4,66.405
2274,86.1627870798111,0,18,0.027613566593168395,-6.615860905912188,0.25,1263.79,4,65.862
2275,86.10302418470383,0,18,0.07464704146483807,-6.6201220287217035,0.25,1264.21,4,66.456
2276,86.28585857152939,0,18,0.0654878256969419,-6.621310306919946,0.25,1264.75,4,65.822
2277,86.17261981964111,0,18,0.02409386500367974,-6.61965145667394,0.25,1265.38,4,65.157
2278,86.09317910671234,0,18,0.053995990640436906,-6.627391854921977,0.25,1265.92,4,66.371
2279,86.29161781072617,0,18,0.04823171634810327,-6.624483240975274,0.25,1266.46,4,65.853
2280,86.28509473800659,0,18,0.01726847416501995,-6.618068946732415,0.25,1267.05,4,67.119
2281,86.17983262240887,0,18,0.061647196880888565,-6.624617629581028,0.25,1267.62,4,66.33
2282,86.24008211493492,0,18,0.09712073367265678,-6.624042352040608,0.25,1268.11,4,65.129
2283,86.2906363606453,0,18,0.06886627253475631,-6.60290320052041,0.25,1268.62,4,65.011
2284,86.12215033173561,0,18,0.0709053323454201,-6.618284861246745,0.25,1269.11,4,64.909
2285,86.14750802516937,0,18,0.032505794759446066,-6.621659166283077,0.25,1269.64,4,66.402
2286,86.19829711318016,0,18,0.03712201423018592,-6.6150376134448585,0.25,1270.06,4,67.22
2287,86.19075739383698,0,18,0.02100098104491129,-6.621168772379558,0.25,1270.48,4,65.926
2288,86.29049915075302,0,18,0.028114771772581863,-6.624354667133755,0.25,1270.93,4,65.104
2289,86.21597608923912,0,18,0.04173912497167799,-6.603100339571635,0.25,1271.48,4,66.059
2290,86.10672904551029,0,18,0.024950088560116355,-6.623322857750787,0.25,1271.98,4,67.307
2291,86.08444893360138,0,18,0.022124783042575775,-6.6114150285720825,0.25,1272.5,4,64.313
2292,86.23475641012192,0,18,0.07144907482527035,-6.599905490875244,0.25,1273.02,4,66.393
2293,86.10887616872787,0,18,0.02003551940207318,-6.616830627123515,0.25,1273.44,4,66.136
2294,86.10345035791397,0,18,0.048366962651066894,-6.642614516947004,0.25,1273.94,4,66.925
2295,86.17303201556206,0,18,0.03172176509825578,-6.596928324964312,0.25,1274.46,4,64.448
2296,86.13911452889442,0,18,0.05931581760806795,-6.597072747018602,0.25,1274.99,4,64.601
2297,86.05028638243675,0,18,0.045105774218124374,-6.614507171842787,0.25,1275.65,4,65.948
2298,86.15913796424866,0,18,0.013847510721209093,-6.6221968862745495,0.25,1276.29,4,65.508
2299,86.1049976348877,0,18,0.03042260684146135,-6.616674502690633,0.25,1276.87,4,66.1
2300,86.29453790187836,0,18,0.03113136542171762,-6.63642946879069,0.25,1277.35,4,67.245
2301,86.04669615626335,0,18,0.027886244077005056,-6.6226802004708185,0.25,1278.03,4,67.194
2302,86.2940583229065,0,18,0.002098397187789184,-6.6294461488723755,0.25,1278.68,4,67.109
2303,86.11826156079769,0,18,0.05532528882991351,-6.6239818996853295,0.25,1279.19,4,67.113
2304,86.13338908553123,0,18,0.04533673174546493,-6.608145131005181,0.25,1279.76,4,66.027
2305,86.23427870869637,0,18,0.04121782096535753,-6.604941354857551,0.25,1280.27,4,66.236
2306,86.0805866420269,0,18,0.00891865493789131,-6.617357624901666,0.25,1280.87,4,65.567
2307,86.12580674886703,0,18,0.07293703653431294,-6.6097200645340815,0.25,1281.42,4,66.349
2308,86.20468124747276,0,18,0.027834957786884235,-6.61605245537228,0.25,1281.92,4,65.924
2309,86.30758911371231,0,18,0.054840887232280186,-6.608774496449365,0.25,1282.46,4,64.429
2310,86.12128347158432,0,18,0.012827721676229784,-6.619129863050249,0.25,1282.92,4,66.106
2311,85.98696844279766,0,18,0.015428406163058147,-6.611203200287289,0.25,1283.45,4,66.378
2312,86.04449926316738,0,18,0.022278460810917347,-6.634082039197286,0.25,1283.99,4,66.544
2313,86.10282103717327,0,18,0.035422894956556976,-6.598003579510583,0.25,1284.55,4,65.916
2314,86.19450744986534,0,18,0.05827535096280675,-6.60575133562088,0.25,1285.1,4,66.019
2315,86.31824159622192,0,18,0.03170343491319727,-6.6041461494233875,0.25,1285.59,4,66.1
2316,86.02827247977257,0,18,0.01919686393608168,-6.624005807770623,0.25,1286.15,4,65.16
2317,86.13242036104202,0,18,0.036286445258055106,-6.631098482343885,0.25,1286.75,4,64.863
2318,86.06575834751129,0,18,0.03919331230513813,-6.61235170894199,0.25,1287.27,4,65.811
2319,86.29642707109451,0,18,0.07160810205469817,-6.625462260511187,0.25,1287.75,4,66.884
2320,86.20293748378754,0,18,0.017534765991715377,-6.616512596607208,0.25,1288.33,4,66.365
2321,86.02606707811356,0,18,0.012076947675874786,-6.606900268130833,0.25,1288.9,4,65.432
2322,86.0743909329176,0,18,0.04861672492471472,-6.609100970957014,0.25,1289.36,4,66.494
2323,86.10542598366737,0,18,0.05616233399304191,-6.616598652468787,0.25,1289.92,4,67.23
2324,86.17732737958431,0,18,0.059674364510808826,-6.6058125495910645,0.25,1290.49,4,65.608
2325,86.2601597905159,0,18,0.01901734919192677,-6.608874612384373,0.25,1290.95,4,66.657
2326,86.20938751101494,0,18,0.030323699031214346,-6.622246980667114,0.25,1291.43,4,66.719
2327,86.24572896957397,0,18,0.033827734553293944,-6.593971219327715,0.25,1291.86,4,65.301
2328,86.22048914432526,0,18,0.006776106331269855,-6.61273576815923,0.25,1292.39,4,66.391
2329,86.15661332011223,0,18,0.044100632124455946,-6.608975728352864,0.25,1292.89,4,66.293
2330,86.13429889082909,0,18,0.03570128800801184,-6.597312331199646,0.25,1293.45,4,66.21
2331,86.15628457069397,0,18,0.028532997290464362,-6.628114289707607,0.25,1293.94,4,65.514
2332,86.1690830886364,0,18,0.026320459551849733,-6.609776417414348,0.25,1294.42,4,66.676
2333,86.21671068668365,0,18,0.028812079423106398,-6.620518538686964,0.25,1294.95,4,66.532
2334,86.1177459359169,0,18,0.041072815340461,-6.598730868763393,0.25,1295.4,4,65.603
2335,86.18592318892479,0,18,0.04538726870512417,-6.6262531412972345,0.25,1295.91,4,65.41
2336,86.21478980779648,0,18,0.03826596173368873,-6.5990619791878595,0.25,1296.35,4,66.424
2337,86.29410940408707,0,18,0.021564012043503073,-6.619223084714678,0.25,1296.87,4,66.661
2338,86.13241592049599,0,18,0.028830073968543327,-6.621628655327691,0.25,1297.41,4,66.93
2339,86.12714219093323,0,18,0.042403633176440456,-6.609467678599888,0.25,1297.9,4,64.872
2340,86.20303192734718,0,18,0.031799245302156325,-6.609464400344425,0.25,1298.43,4,65.889
2341,86.06970456242561,0,18,0.01602917955182824,-6.636568076080746,0.25,1298.95,4,65.6
2342,86.10227362811565,0,18,0.01515508098433808,-6.62183721197976,0.25,1299.41,4,67.382
2343,86.1416931450367,0,18,0.03334476733683308,-6.622505446275075,0.25,1299.86,4,66.443
2344,86.18484809994698,0,18,0.05523316193426177,-6.617869191699558,0.25,1300.42,4,65.916
2345,86.29239374399185,0,18,0.01158819717263921,-6.613467037677765,0.25,1300.94,4,65.48
2346,86.28241258859634,0,18,0.055908270679335854,-6.6149363782670765,0.25,1301.39,4,64.782
2347,86.19524875283241,0,18,0.034374128988121005,-6.639620900154114,0.25,1301.86,4,66.752
2348,86.30481666326523,0,18,0.05021496071892923,-6.628833293914795,0.25,1302.37,4,66.59
2349,86.31756925582886,0,18,0.024516348547270656,-6.6131370133823815,0.25,1302.89,4,66.436
2350,86.25446045398712,0,18,0.021585175183948497,-6.631797035535176,0.25,1303.47,4,65.731
2351,86.10875584185123,0,18,0.030504559812672798,-6.602243430084652,0.25,1304.2,4,65.824
2352,86.12715937197208,0,18,0.03768764136571513,-6.6045881443553505,0.25,1304.77,4,66.142
2353,86.15472620725632,0,18,0.01488047937831046,-6.614058401849535,0.25,1305.27,4,65.936
2354,86.17678853869438,0,18,0.039605376569599886,-6.624343249532911,0.25,1305.81,4,66.148
2355,86.06197886168957,0,18,0.05762293358828982,-6.619040403101179,0.25,1306.29,4,65.904
2356,86.24419522285461,0,18,0.037485311652542604,-6.612412141429053,0.25,1306.75,4,66.026
2357,86.12984818220139,0,18,0.014157582599081151,-6.614443673027886,0.25,1307.24,4,65.466
2358,86.25115096569061,0,18,0.03850211993110659,-6.620661954085032,0.25,1307.82,4,66.313
2359,86.1957358121872,0,18,0.021724480900502385,-6.633134921391805,0.25,1308.36,4,65.822
2360,86.11367252469063,0,18,0.051028845723319845,-6.628618982103136,0.25,1308.86,4,66.18
2361,86.08715015649796,0,18,0.03567569040701023,-6.617228123876783,0.25,1309.4,4,66.353
2362,86.00547349452972,0,18,0.0416859869520623,-6.616009089681837,0.25,1309.95,4,67.252
2363,86.05796220898628,0,18,0.06302804861449356,-6.6063054005304975,0.25,1310.46,4,64.842
2364,86.16889789700508,0,18,0.021195896269293572,-6.6066685517628985,0.25,1310.99,4,65.497
2365,85.9667615890503,0,18,0.020465620916335563,-6.625716129938762,0.25,1311.47,4,65.486
2366,86.21584150195122,0,18,0.022214912005640346,-6.591394709216224,0.25,1312.04,4,66.788
2367,86.03454402089119,0,18,0.020235307542710263,-6.629219048553043,0.25,1312.54,4,64.881
2368,86.21228811144829,0,18,0.024817858037446665,-6.618593321906196,0.25,1313.03,4,65.988
2369,86.1821346282959,0,18,0.03933297174585783,-6.614740967750549,0.25,1313.5,4,65.9
2370,86.1484993994236,0,18,0.06658654548290441,-6.621578839090136,0.25,1314.04,4,67.082
2371,86.10781806707382,0,18,0.043199743852912635,-6.614513980017768,0.25,1314.63,4,65.157
2372,86.17259046435356,0,18,0.0286002928885662,-6.637554711765713,0.25,1315.13,4,66.84
2373,86.18872240185738,0,18,0.027771943441520206,-6.61456032594045,0.25,1315.63,4,64.964
2374,86.22011882066727,0,18,0.023897805063724162,-6.619217342800564,0.25,1316.1,4,66.446
2375,86.05394315719604,0,18,0.03221115299867153,-6.6277428600523205,0.25,1316.65,4,66.616
2376,86.20810595154762,0,18,0.01167511696505446,-6.612863679726918,0.25,1317.12,4,66.289
2377,86.31112742424011,0,18,0.037437290380391154,-6.6157745652728615,0.25,1317.73,4,67.307
2378,86.11390462517738,0,18,0.02597507341225638,-6.629562907748753,0.25,1318.34,4,65.347
2379,86.02881196141243,0,18,0.002328321121240151,-6.6114588313632545,0.25,1318.94,4,65.74
2380,86.27677965164185,0,18,0.03693616180044046,-6.636045687728458,0.25,1319.44,4,66.355
2381,86.18479359149933,0,18,0.035067715136493566,-6.649828367763096,0.25,1319.98,4,65.469
2382,86.06119182705879,0,18,0.049318145467219035,-6.613485945595635,0.25,1320.54,4,65.125
2383,85.90721695125103,0,18,0.025788986119651882,-6.6212155024210615,0.25,1321.03,4,66.547
2384,86.15887701511383,0,18,0.028844948333951632,-6.619488570425245,0.25,1321.54,4,65.522
2385,86.22346445918083,0,18,0.026925445899905753,-6.619183388021257,0.25,1322.08,4,65.705
2386,86.22007465362549,0,18,0.03181570147641347,-6.617290887567732,0.25,1322.56,4,65.813
2387,86.06322138011456,0,18,0.005950866490416552,-6.614183690812853,0.25,1323.08,4,65.215
2388,86.12532123923302,0,18,0.02550539819306626,-6.6196005079481335,0.25,1323.68,4,65.364
2389,86.07058620452881,0,18,0.03811363219301711,-6.626231080955929,0.25,1324.21,4,66.009
2390,86.02025911211967,0,18,0.029884681066505436,-6.605079193909963,0.25,1324.69,4,67.473
2391,86.23588383197784,0,18,0.02721452994834787,-6.623815457026164,0.25,1325.19,4,65.766
2392,86.27217447757721,0,18,0.00809861067975564,-6.6149203115039406,0.25,1325.63,4,66.902
2393,86.15225911140442,0,18,0.06616056130981936,-6.608189000023736,0.25,1326.2,4,66.318
2394,86.27293848991394,0,18,0.0638384852688129,-6.61422602335612,0.25,1326.64,4,65.881
2395,86.22416061162949,0,18,0.04497221563158544,-6.601820561620924,0.25,1327.06,4,66.906
2396,86.15789645910263,0,18,0.05015888147661624,-6.6141001383463545,0.25,1327.6,4,66.248
2397,86.21865192055702,0,18,0.0016361557036867049,-6.611118316650391,0.25,1328.05,4,64.776
2398,86.07467144727707,0,18,0.02680010016653493,-6.634129338794285,0.25,1328.56,4,65.979
2399,86.11951488256454,0,18,0.028878020561124786,-6.639635536405775,0.25,1329.12,4,66.558
2400,86.25499695539474,0,18,0.026385274612746597,-6.618876159191132,0.25,1329.64,4,65.947
2401,86.07254588603973,0,18,0.0012900636832253237,-6.613845805327098,0.25,1330.32,4,67.222
2402,86.15368363261223,0,18,0.001199297862614104,-6.618892941210005,0.25,1330.85,4,65.965
2403,86.1560130417347,0,18,0.02065019787844196,-6.60750455988778,0.25,1331.39,4,67.002
2404,86.0510558784008,0,18,0.040403951646112546,-6.609813253084819,0.25,1332.08,4,65.014
2405,86.1938039958477,0,18,0.02933678140637615,-6.626604000727336,0.25,1332.67,4,65.786
2406,86.18434512615204,0,18,0.04237999484651785,-6.6112574272685585,0.25,1333.28,4,66.082
2407,86.26223522424698,0,18,0.013983541665968206,-6.637329975763957,0.25,1333.92,4,65.833
2408,86.19248861074448,0,18,0.06076171713468486,-6.619802547825707,0.25,1334.55,4,66.268
2409,86.14923271536827,0,18,0.0023767867788693467,-6.616160107983483,0.25,1335.19,4,65.71
2410,86.1949292421341,0,18,0.028010459293202276,-6.61425185865826,0.25,1335.79,4,64.655
2411,86.16598156094551,0,18,0.023811054634885902,-6.620868100060357,0.25,1336.43,4,66.751
2412,85.99157470464706,0,18,0.028622464175997366,-6.603999892870585,0.25,1337.02,4,65.303
2413,86.1313941180706,0,18,0.023060633457640103,-6.630787842803532,0.25,1337.64,4,66.783
2414,85.94707483053207,0,18,0.021843400138196658,-6.618819733460744,0.25,1338.22,4,65.232
2415,86.10033831000328,0,18,0.035816844511423876,-6.609738906224568,0.25,1338.88,4,67.428
2416,86.0564275085926,0,18,0.012881713756339903,-6.642259617646535,0.25,1339.44,4,66.35
2417,86.23888349533081,0,18,0.019414430783652077,-6.595865945021312,0.25,1339.98,4,67.431
2418,86.12722335755825,0,18,0.028952903596291435,-6.632495588726467,0.25,1340.51,4,65.874
2419,86.04665227234364,0,18,0.05161292571190441,-6.610846704906887,0.25,1340.99,4,64.96
2420,86.07330378890038,0,18,0.021286877108852624,-6.638655516836378,0.25,1341.56,4,66.274
2421,86.04743804037571,0,18,0.04879600425586735,-6.62674163447486,0.25,1342.01,4,65.506
2422,86.21360877156258,0,18,0.039359941410212845,-6.6344327264361915,0.25,1342.59,4,66.29
2423,86.18497055768967,0,18,0.06514992258133942,-6.616174379984538,0.25,1343.23,4,65.963
2424,86.1296959221363,0,18,0.02785952657723101,-6.618313868840535,0.25,1343.85,4,65.54
2425,86.29137295484543,0,18,0.006631673503610121,-6.632265243265364,0.25,1344.43,4,67.107
2426,86.13322494924068,0,18,0.0014696022564445836,-6.601545896795061,0.25,1345.01,4,67.042
2427,86.30325448513031,0,18,0.06071900822906981,-6.620206581221686,0.25,1345.57,4,66.14
2428,86.27737790346146,0,18,0.0075187115857665455,-6.6459204819467335,0.25,1346.22,4,66.407
2429,86.20112153887749,0,18,0.07918754317011513,-6.618958049350315,0.25,1346.84,4,65.045
2430,86.19470500946045,0,18,0.04514157216019359,-6.610954953564538,0.25,1347.43,4,65.166
2431,85.94016775488853,0,18,0.05283134145181773,-6.629021022054884,0.25,1347.99,4,66.168
2432,86.14467588067055,0,18,0.052598142540470384,-6.611405842834049,0.25,1348.58,4,66.708
2433,86.17026337981224,0,18,0.048497101549300065,-6.629887064297994,0.25,1349.17,4,65.979
2434,86.17478713393211,0,18,0.03252256263527266,-6.609475718604194,0.25,1349.67,4,66.291
2435,85.94145633280277,0,18,0.03382081002675679,-6.614983869923486,0.25,1350.21,4,66.717
2436,86.12338295578957,0,18,0.08094820116952582,-6.597737001048194,0.25,1350.76,4,66.984
2437,86.18007630109787,0,18,0.03951448311949611,-6.611438453197479,0.25,1351.27,4,65.65
2438,86.16427417099476,0,18,0.014248924358475456,-6.636272801293267,0.25,1351.81,4,65.872
2439,86.21774873137474,0,18,0.05790340893170449,-6.637238754166497,0.25,1352.3,4,65.542
2440,86.09129482507706,0,18,0.042392148645629076,-6.613686237070295,0.25,1352.82,4,65.742
2441,86.15765143930912,0,19,0.03658025045207405,-6.611727590430273,0.25,1353.34,4,65.283
2442,86.59603735804558,0,19,0.022779137273785523,-6.624385833740234,0.25,1353.83,4,66.494
2443,86.68087843060493,0,19,0.0038398533034112864,-6.622862358615823,0.25,1354.46,4,66.61
2444,85.91007244586945,0,18,0.02798383961958785,-6.630699727270338,0.25,1355.07,4,65.399
2445,86.566471144557,0,19,0.017955400037825624,-6.625771796866639,0.25,1355.59,4,65.852
2446,86.6374722123146,0,19,0.025106993902999707,-6.63793477620164,0.25,1356.14,4,66.16
2447,86.19713032245636,0,19,0.015008793611205837,-6.609829308235482,0.25,1356.76,4,65.75
2448,86.02080911397934,0,19,0.011802488092667174,-6.638433253928406,0.25,1357.35,4,66.517
2449,86.28884936869144,0,19,0.016957307103738245,-6.59806772780745,0.25,1357.97,4,65.535
2450,85.71423672139645,0,19,0.02340947590737539,-6.61913768559286,0.25,1358.56,4,66.499
2451,85.96650291979313,0,19,0.05547378055102667,-6.63294297701692,0.25,1359.19,4,65.421
2452,85.96984386444092,0,19,0.06848517060429352,-6.601132151198714,0.25,1359.72,4,65.433
2453,86.00853532552719,0,19,0.04206425048004635,-6.58867122049201,0.25,1360.34,4,65.287
2454,86.17388635873795,0,19,0.03254894928723432,-6.614527225494385,0.25,1360.94,4,65.775
2455,86.05971708893776,0,19,0.043032758293134375,-6.6154649159679675,0.25,1361.51,4,65.328
2456,85.84966112673283,0,18,0.0354577765377447,-6.624333434634739,0.25,1362.07,4,66.281
2457,86.03194832801819,0,19,0.018089498757533826,-6.633953643171755,0.25,1362.69,4,66.534
2458,86.09480553865433,0,19,0.018991602174475253,-6.636460670053142,0.25,1363.39,4,66.676
2459,86.3416718840599,0,19,0.032673495418885694,-6.6313542405219925,0.25,1364.07,4,65.627
2460,86.1420491039753,0,19,0.04534694351336029,-6.619795583698847,0.25,1364.67,4,66.757
2461,85.82906740903854,0,19,0.029572200966693545,-6.623654763992518,0.25,1365.25,4,66.287
2462,86.06840226054192,0,19,0.017906260933134584,-6.617753773519437,0.25,1365.91,4,65.448
2463,85.99583658576012,0,19,0.06125446106915199,-6.622197830513732,0.25,1366.58,4,65.998
2464,86.70998147130013,0,20,0.05301221139588223,-6.622855444212218,0.25,1367.27,4,66.86
2465,86.01690882444382,0,19,0.007958215455826027,-6.627429387340807,0.25,1367.88,4,65.009
2466,85.82120397686958,0,19,0.010659437907771175,-6.607845136564072,0.25,1368.55,4,65.547
2467,86.02035310864449,0,19,0.03371052667572345,-6.6387043129907894,0.25,1369.22,4,66.617
2468,85.60653021931648,0,19,0.011500447913707308,-6.638424180958369,0.25,1369.78,4,66.629
2469,85.72245147824287,0,19,0.022522557459150487,-6.613464590621321,0.25,1370.35,4,65.841
2470,85.72904822230339,0,19,0.03193483748706456,-6.609557818060052,0.25,1370.93,4,64.866
2471,85.99882459640503,0,19,0.026747860329995914,-6.609832097406256,0.25,1371.58,4,65.683
2472,86.10422796010971,0,19,0.014835220092358561,-6.6204815172169305,0.25,1372.21,4,66.979
2473,85.77362258732319,0,19,0.026013925512303752,-6.608507626677213,0.25,1372.87,4,66.199
2474,86.27066871523857,0,20,0.025553864470173326,-6.635474353223233,0.25,1373.53,4,66.421
2475,86.61851078271866,0,20,0.05193451957274118,-6.62591721560504,0.25,1374.16,4,65.866
2476,86.08093562722206,0,19,0.03189692485526169,-6.623220724602268,0.25,1374.76,4,65.558
2477,85.8117496818304,0,18,0.026214667938448757,-6.610627081659105,0.25,1375.34,4,65.623
2478,85.90814983844757,0,19,0.02016842595763243,-6.6193529155156385,0.25,1376.03,4,67.202
2479,86.10647302865982,0,19,0.038010523399363644,-6.645352324394331,0.25,1376.61,4,65.214
2480,85.8535782545805,0,19,0.0006722472053422267,-6.631450933952854,0.25,1377.21,4,66.962
2481,85.6874223202467,0,18,0.024736685343668796,-6.601928545369042,0.25,1377.85,4,64.9
2482,85.74460452795029,0,19,0.023382431671002638,-6.606845816520796,0.25,1378.49,4,67.475
2483,85.95699706673622,0,19,0.014505947858670468,-6.62191496809868,0.25,1379.11,4,66.253
2484,85.78960219025612,0,18,0.014684669143409539,-6.625276843706767,0.25,1379.67,4,65.732
2485,85.8273132443428,0,19,0.03427168586534968,-6.630571678893207,0.25,1380.27,4,65.09
2486,86.05586497485638,0,18,0.02189846366440583,-6.62325934569041,0.25,1380.94,4,66.128
2487,85.89674012362957,0,19,0.02631349568560238,-6.62656364048997,0.25,1381.57,4,65.959
2488,86.1203578710556,0,19,0.03272222657518522,-6.606342008669082,0.25,1382.21,4,66.724
2489,86.02818398177624,0,18,0.03733060125917594,-6.616920868555705,0.25,1382.78,4,66.297
2490,85.95786339044571,0,18,0.05544461939957222,-6.638388885392083,0.25,1383.4,4,66.548
2491,86.23284888267517,0,18,0.003933177441063486,-6.602548374070062,0.25,1383.96,4,67.095
2492,86.09926867485046,0,18,0.02339338461337724,-6.621770580609639,0.25,1384.59,4,65.792
2493,85.94654110074043,0,18,0.04117285200289997,-6.607670783996582,0.25,1385.18,4,68.207
2494,85.95258888602257,0,18,0.029293541268493248,-6.620748506651984,0.25,1385.74,4,65.485
2495,86.23916548490524,0,19,0.0292749612866554,-6.588568315114061,0.25,1386.29,4,65.492
2496,86.23309621214867,0,18,0.05416603208868764,-6.629077037175496,0.25,1386.88,4,67.094
2497,86.17926913499832,0,18,0.04514981866951631,-6.596277667416467,0.25,1387.38,4,66.239
2498,86.17289799451828,0,18,0.03525491844084172,-6.625430252816942,0.25,1387.94,4,66.747
2499,86.10444302856922,0,18,0.005341269856722243,-6.6196264492140875,0.25,1388.55,4,66.713
2500,86.04012034833431,0,18,0.0008624706799512043,-6.615388916598426,0.25,1389.09,4,66.497
2501,86.20599648356438,0,18,0.03583063892225861,-6.618344869878557,0.25,1389.75,4,64.814
2502,86.3040264248848,0,18,0.059542942779040056,-6.615339828862084,0.25,1390.29,4,66.159
2503,86.04263639450073,0,18,0.021868716906485335,-6.606626537111071,0.25,1390.91,4,64.664
2504,86.22625267505646,0,18,0.03100263311686528,-6.636228462060292,0.25,1391.38,4,66.162
2505,85.9963907301426,0,18,0.0011088489595244431,-6.631559471289317,0.25,1391.92,4,66.722
2506,86.23911410570145,0,18,0.028418916354490245,-6.607916865083906,0.25,1392.43,4,66.321
2507,86.18021273612976,0,18,0.053526096588636086,-6.619905942016178,0.25,1393.03,4,66.317
2508,86.03314284980297,0,18,0.016039135622930998,-6.608726342519124,0.25,1393.62,4,64.084
2509,86.1352097094059,0,18,0.001122890831185133,-6.61236404048072,0.25,1394.21,4,66.368
2510,86.06577003002167,0,18,0.022489783084842604,-6.614085104730394,0.25,1394.82,4,65.861
2511,86.28302639722824,0,18,0.02783093842703642,-6.617513696352641,0.25,1395.45,4,66.084
2512,86.07513518631458,0,18,0.01917753970580331,-6.598139040999943,0.25,1396.07,4,65.873
2513,86.24321186542511,0,18,0.05854230101441418,-6.619950936900245,0.25,1396.65,4,67.426
2514,85.89496272802353,0,18,0.01674632018047204,-6.616522961192661,0.25,1397.31,4,64.402
2515,86.204580783844,0,18,0.018091789603153705,-6.608634167247349,0.25,1397.94,4,66.621
2516,86.2388427555561,0,18,0.05356378240766288,-6.632389982541402,0.25,1398.54,4,65.926
2517,86.30885601043701,0,18,0.030479234268871853,-6.591614021195306,0.25,1399.19,4,64.53
2518,86.04482585191727,0,18,0.019876406133537076,-6.6006299124823675,0.25,1399.83,4,65.93
2519,86.23245295882225,0,18,0.006603815379902598,-6.594291402233972,0.25,1400.46,4,65.294
2520,85.94841261208057,0,18,0.03369944864314473,-6.623191614945729,0.25,1401.05,4,66.383
2521,86.09192974865437,0,18,0.03777768738685457,-6.649760961532593,0.25,1401.68,4,65.49
2522,86.01418612897396,0,18,0.07481236565359319,-6.608967496289147,0.25,1402.23,4,66.266
2523,86.19039559364319,0,18,0.031511586406951314,-6.602902339564429,0.25,1402.8,4,67.395
2524,86.21520960330963,0,18,0.04934213335647857,-6.61841082572937,0.25,1403.45,4,66.117
2525,86.2738042473793,0,18,0.03093000076417714,-6.59643308321635,0.25,1404.0,4,65.026
2526,86.09349921345711,0,18,0.03559030970048601,-6.633191625277202,0.25,1404.55,4,64.244
2527,86.30825299024582,0,18,0.004996429931705077,-6.617931167284648,0.25,1405.14,4,67.954
2528,86.14805921912193,0,18,0.03952435545529119,-6.621673338943058,0.25,1405.65,4,67.496
2529,86.23267304897308,0,18,0.010328903061286433,-6.613075209988488,0.25,1406.15,4,66.623
2530,86.31824159622192,0,18,0.06053698611953627,-6.598061124483745,0.25,1406.64,4,65.653
2531,86.0501502007246,0,18,0.03501362474950535,-6.597177929348415,0.25,1407.26,4,65.944
2532,86.0973370373249,0,18,0.04854704435901011,-6.6101152367062035,0.25,1407.81,4,65.939
2533,86.20909705758095,0,18,0.012347995815566214,-6.594320588641697,0.25,1408.33,4,65.29
2534,86.01365788280964,0,18,0.01700457396241796,-6.6069720718595715,0.25,1408.87,4,65.222
2535,86.0652911067009,0,18,0.03210088812693357,-6.612089474995931,0.25,1409.49,4,65.391
2536,86.31106793880463,0,18,0.028763853258068493,-6.6001098023520575,0.25,1410.12,4,65.923
2537,86.2138940691948,0,18,0.02856701483172704,-6.615572174390157,0.25,1410.59,4,65.013
2538,86.21326038241386,0,18,0.02617766779611783,-6.605936434533861,0.25,1411.11,4,66.07
2539,86.2964419722557,0,18,0.02839059278883522,-6.602058125866784,0.25,1411.58,4,66.941
2540,86.17912882566452,0,18,0.024463174960955156,-6.622981667518616,0.25,1412.17,4,65.818
2541,86.31824159622192,0,18,0.009503471468431397,-6.616956823401981,0.25,1412.77,4,65.735
2542,86.18117600679398,0,18,0.012960010781019568,-6.605197429656982,0.25,1413.26,4,66.107
2543,86.03183025121689,0,18,0.022872316399116244,-6.630712985992432,0.25,1413.81,4,66.15
2544,86.24592059850693,0,18,0.014500855354829886,-6.628482712639703,0.25,1414.38,4,66.306
2545,86.24166011810303,0,18,0.05122796732808234,-6.621744904253218,0.25,1414.81,4,66.402
2546,86.11201660335064,0,18,0.030965083196153702,-6.620207753446367,0.25,1415.31,4,66.892
2547,86.20828431844711,0,18,0.024581067519547004,-6.609236147668627,0.25,1415.84,4,65.232
2548,86.08583122491837,0,18,0.03339335636347743,-6.614592949549357,0.25,1416.35,4,66.592
2549,86.04287029802799,0,18,0.04187716227857487,-6.591916739940643,0.25,1416.99,4,66.599
2550,86.28996866941452,0,18,0.010798733571644133,-6.605514572726356,0.25,1417.62,4,66.149
2551,86.18003505468369,0,18,0.012406030163624059,-6.594364497396681,0.25,1418.2,4,66.059
2552,86.18218198418617,0,18,0.027285698469161918,-6.622261497709486,0.25,1418.73,4,66.689
2553,86.22768664360046,0,18,0.04228544214018055,-6.625054836273193,0.25,1419.22,4,66.471
2554,86.29923439025879,0,18,0.032387477871048356,-6.632200201352437,0.25,1419.65,4,65.772
2555,85.84891010820866,0,18,0.03608916295666455,-6.6064970758226185,0.25,1420.22,4,66.367
2556,85.96020510792732,0,18,0.04086475445344857,-6.619528075059255,0.25,1420.81,4,65.087
2557,86.16637834906578,0,18,0.02861657149959582,-6.617873860730065,0.25,1421.39,4,65.369
2558,86.28964799642563,0,18,0.029138637838918333,-6.6334306663937035,0.25,1421.93,4,64.676
2559,86.2682632803917,0,18,0.039760040137480246,-6.601439191235436,0.25,1422.47,4,66.099
2560,86.13885992765427,0,18,0.015488676178342252,-6.605138818422954,0.25,1422.98,4,66.566
2561,86.13469874858856,0,18,0.027550652706041647,-6.63659092452791,0.25,1423.47,4,65.874
2562,86.29162269830704,0,18,0.04366048168230918,-6.603308578332265,0.25,1424.09,4,66.779
2563,86.19468840956688,0,18,0.029207368458123203,-6.633084740903643,0.25,1424.75,4,66.434
2564,86.28570485115051,0,18,0.010255835637508426,-6.599497636159261,0.25,1425.44,4,65.838
2565,85.94025230407715,0,18,0.05602756912624803,-6.6015614536073475,0.25,1426.12,4,65.423
2566,86.12367019057274,0,18,0.027181231828156644,-6.6047188308503895,0.25,1426.7,4,66.1
2567,86.15894004702568,0,18,0.008144403619553486,-6.6023285786310835,0.25,1427.32,4,65.874
2568,86.14641465246677,0,18,0.021859066980090977,-6.615364068084293,0.25,1427.95,4,65.334
2569,86.18506380915642,0,18,0.0436012775739477,-6.600056376722124,0.25,1428.54,4,65.455
2570,86.13766385614872,0,18,0.05609601463735695,-6.6082177956899,0.25,1429.07,4,66.348
2571,86.20875655114651,0,18,0.04401455526870753,-6.5999298095703125,0.25,1429.57,4,66.535
2572,86.02406357228756,0,18,0.07866004053115223,-6.613592763741811,0.25,1430.22,4,67.811
2573,86.28902143239975,0,18,0.0744165836181815,-6.624934348795149,0.25,1430.75,4,65.533
2574,86.12843811511993,0,18,0.02269531801600048,-6.633436732821995,0.25,1431.36,4,64.422
2575,86.04703262448311,0,18,0.10326684091534036,-6.591923435529073,0.25,1431.97,4,66.358
2576,86.05548080801964,0,18,0.0578642620212122,-6.626188947094811,0.25,1432.49,4,67.086
2577,86.01423060894012,0,18,0.03398928206176303,-6.591515759627025,0.25,1432.9,4,65.847
2578,85.97478599846363,0,18,0.021447791874783836,-6.595607386695014,0.25,1433.42,4,66.51
2579,86.27950417995453,0,18,0.06703032843254025,-6.591371483272976,0.25,1433.98,4,64.873
2580,86.29770708084106,0,18,0.015580639411230853,-6.612849924299452,0.25,1434.55,4,66.161
2581,86.25681442022324,0,18,0.023550604625749354,-6.6088155441814,0.25,1435.07,4,65.602
2582,86.27741384506226,0,18,0.025588879862476058,-6.613757014274597,0.25,1435.59,4,68.085
2583,86.08475808799267,0,18,0.033216601453912316,-6.617734915680355,0.25,1436.18,4,65.507
2584,86.19665841758251,0,18,0.035878924285700324,-6.5888460410965815,0.25,1436.74,4,66.343
2585,86.05688448250294,0,18,0.03620972079190526,-6.618390791945988,0.25,1437.25,4,65.719
2586,86.20745486021042,0,18,0.018564045766349107,-6.6047203871938915,0.25,1437.85,4,65.912
2587,85.78931137919426,0,18,0.0025276002172884343,-6.600708981355031,0.25,1438.46,4,65.588
2588,86.29396575689316,0,18,0.01761761966140006,-6.599772969881694,0.25,1438.93,4,66.348
2589,86.31824159622192,0,18,0.023409561474181828,-6.606944209999508,0.25,1439.42,4,65.897
2590,86.12065157294273,0,18,0.03872242435146392,-6.62389913532469,0.25,1439.97,4,65.901
2591,85.95570972561836,0,18,0.047573287769308886,-6.602571964263916,0.25,1440.5,4,66.544
2592,85.93448480963707,0,18,0.02114208398395729,-6.604927824603187,0.25,1441.05,4,65.984
2593,86.20263490080833,0,18,0.02452251038812392,-6.620619873205821,0.25,1441.63,4,66.139
2594,85.8958189189434,0,18,0.007322766581789135,-6.612121284008026,0.25,1442.21,4,66.745
2595,86.08891329169273,0,18,0.027124335870161706,-6.605413748158349,0.25,1442.74,4,66.471
2596,85.81578721106052,0,18,0.032972809383055496,-6.612675375408596,0.25,1443.18,4,67.514
2597,86.09912633895874,0,18,0.023485605746524623,-6.605203204684788,0.25,1443.73,4,65.759
2598,86.15768134593964,0,18,0.021076392587828095,-6.610613028208415,0.25,1444.26,4,65.819
2599,86.1377954930067,0,18,0.025707714999447892,-6.60878242386712,0.25,1444.89,4,66.746
2600,86.20275574922562,0,18,0.04810802152931299,-6.609700659910838,0.25,1445.42,4,65.893
2601,86.18801802396774,0,18,0.021487664554772183,-6.620550016562144,0.25,1445.97,4,66.286
2602,86.04221478104591,0,18,0.0321307002771189,-6.596609354019165,0.25,1446.5,4,66.368
2603,86.09486544132233,0,18,0.03056266383039959,-6.601400269402398,0.25,1447.06,4,66.345
2604,85.8699559867382,0,18,0.021600761450523958,-6.611036386754778,0.25,1447.59,4,66.9
2605,86.158611536026,0,18,0.02094046684598854,-6.606600754790836,0.25,1448.02,4,66.217
2606,86.05104996263981,0,18,0.03069637547640822,-6.603264768918355,0.25,1448.53,4,66.483
2607,86.19871950149536,0,18,0.02432743026373727,-6.615444931719038,0.25,1449.02,4,66.27
2608,86.22476014494896,0,18,0.043830087454504486,-6.61978860033883,0.25,1449.49,4,66.409
2609,86.15425354242325,0,18,0.04458504917460636,-6.615059561199612,0.25,1449.92,4,66.425
2610,86.10634630918503,0,18,0.01507126789061254,-6.606493771076202,0.25,1450.33,4,66.806
2611,85.94800302386284,0,18,0.053044798774256684,-6.596548762586382,0.25,1450.83,4,65.292
2612,85.96294404566288,0,18,0.033077508154342974,-6.623649689886305,0.25,1451.28,4,65.521
2613,85.97394295036793,0,18,0.03256607098006094,-6.607358508639866,0.25,1451.8,4,66.741
2614,86.14930054545403,0,18,0.014434134012541714,-6.609941091802385,0.25,1452.26,4,65.236
2615,86.26520150899887,0,18,0.01976281200010514,-6.6019301944308815,0.25,1452.83,4,67.343
2616,86.26812607049942,0,18,0.0009108839610942394,-6.599201672606998,0.25,1453.35,4,66.515
2617,86.16378310322762,0,18,0.019416263385412295,-6.608944363064236,0.25,1453.92,4,65.726
2618,86.19264844059944,0,18,0.000654846907360075,-6.630881488323212,0.25,1454.53,4,65.993
2619,86.2446568608284,0,18,0.029495220958930684,-6.612980902194977,0.25,1455.18,4,65.192
2620,86.08375614881516,0,18,0.01504530288379,-6.603968858718872,0.25,1455.8,4,65.548
2621,86.21442356705666,0,18,0.04934879309783153,-6.5909141302108765,0.25,1456.43,4,66.667
2622,86.11385759711266,0,18,0.04953538508167791,-6.625569144884746,0.25,1456.94,4,66.768
2623,86.17243075370789,0,18,0.0010915977132855107,-6.628918753729926,0.25,1457.49,4,66.043
2624,86.21307069063187,0,18,0.011763925361770412,-6.63182618882921,0.25,1458.18,4,66.257
2625,86.23604893684387,0,18,0.028698973793679115,-6.629505117734273,0.25,1458.86,4,67.664
2626,86.26215839385986,0,18,0.022615385103462258,-6.602319200833638,0.25,1459.53,4,66.162
2627,86.05941213667393,0,18,0.02169877376561797,-6.593918025493622,0.25,1460.12,4,66.149
2628,86.28140878677368,0,18,0.02222597582805166,-6.609493606620365,0.25,1460.58,4,65.266
2629,86.25995361804962,0,18,0.025675426667577186,-6.617074608802795,0.25,1461.1,4,65.017
2630,86.04936610162258,0,18,0.04196308671988744,-6.609111799134149,0.25,1461.56,4,66.455
2631,86.23351031541824,0,18,0.032106818211306946,-6.619744857152303,0.25,1462.11,4,67.586
2632,86.1452966928482,0,18,0.0461567362626738,-6.593725045522054,0.25,1462.59,4,65.514
2633,86.22007763385773,0,18,0.045634081999499664,-6.612551146083408,0.25,1463.15,4,66.474
2634,86.06502041220665,0,18,0.046610379819968434,-6.616402268409729,0.25,1463.69,4,66.288
2635,86.062654286623,0,18,0.04090746636282145,-6.631942775514391,0.25,1464.25,4,67.022
2636,86.03438726067543,0,18,0.02507925530638507,-6.614409340752496,0.25,1464.82,4,64.159
2637,86.05263236165047,0,18,0.0426383296969814,-6.6083771917555065,0.25,1465.33,4,66.143
2638,86.07204553484917,0,18,0.004252044551018723,-6.628194120195177,0.25,1465.83,4,66.978
2639,86.20631408691406,0,18,0.00927450701434888,-6.621126770973206,0.25,1466.31,4,66.926
2640,86.16368076205254,0,18,0.027676040451499122,-6.611990047825707,0.25,1466.87,4,65.999
2641,85.99694339931011,0,18,0.005730932530847592,-6.609964311122894,0.25,1467.42,4,65.956
2642,86.21584811806679,0,18,0.04694483167663242,-6.606150839063856,0.25,1467.96,4,64.821
2643,86.07068283855915,0,18,0.037584284130490336,-6.604071027702755,0.25,1468.53,4,66.473
2644,86.29121804237366,0,18,0.0008396749502834508,-6.600011302365197,0.25,1469.06,4,65.769
2645,86.31824159622192,0,18,0.02631771665604295,-6.627874652544658,0.25,1469.61,4,65.541
2646,85.92026843130589,0,18,0.01681455602101778,-6.624054895506965,0.25,1470.27,4,66.773
2647,86.14710155129433,0,18,0.04558838500750224,-6.597950783040789,0.25,1470.87,4,65.064
2648,85.94995683431625,0,18,0.046141449472037896,-6.607196774747637,0.25,1471.39,4,66.052
2649,86.2625144124031,0,18,0.05038494426278501,-6.606549938519795,0.25,1471.9,4,66.067
2650,85.81979851424694,0,18,0.031083886752437846,-6.625695334540473,0.25,1472.34,4,65.563
2651,85.91342389583588,0,18,0.02314082398536104,-6.617234720124139,0.25,1472.84,4,66.274
2652,86.30424475669861,0,18,0.013297161584988417,-6.603373554017809,0.25,1473.41,4,65.229
2653,86.02364754676819,0,18,0.04294776772692583,-6.600219084156884,0.25,1474.01,4,65.316
2654,86.21085932850838,0,18,0.04953611212224334,-6.644713666703966,0.25,1474.45,4,65.716
2655,86.11631041765213,0,18,0.026065443959649,-6.61572218603558,0.25,1474.92,4,64.926
2656,86.73847371339798,0,19,0.033639471561325816,-6.624531236413407,0.25,1475.43,4,65.612
2657,86.19463077187538,0,18,0.035712811236761705,-6.63566607899136,0.25,1475.99,4,65.498
2658,86.0434964299202,0,18,0.0592675415205627,-6.619856450292799,0.25,1476.61,4,65.446
2659,85.99489291012287,0,18,0.013045239761645967,-6.628404604064094,0.25,1477.11,4,65.866
2660,86.31824159622192,0,18,0.014934478636961204,-6.629516177707249,0.25,1477.7,4,64.945
2661,85.96811193227768,0,18,0.0009419913879658756,-6.61221965154012,0.25,1478.19,4,66.896
2662,86.02746748924255,0,18,0.03098425144849494,-6.606590602133009,0.25,1478.75,4,65.555
2663,86.2630285024643,0,18,0.013734519399551774,-6.623155183262295,0.25,1479.23,4,67.189
2664,86.22538048028946,0,18,0.0007167961458283875,-6.636908213297526,0.25,1479.7,4,65.411
2665,86.1903448998928,0,18,0.018364377216989344,-6.604141924116346,0.25,1480.22,4,66.102
2666,86.2018872499466,0,18,0.04562899019795926,-6.621011972427368,0.25,1480.76,4,65.126
2667,86.10504361987114,0,18,0.04177574298672779,-6.614416864183214,0.25,1481.26,4,66.16
2668,86.1324058175087,0,18,0.012909169049231018,-6.612185928556654,0.25,1481.7,4,65.951
2669,86.28205496072769,0,18,0.03735098686906389,-6.627209901809692,0.25,1482.13,4,66.968
2670,86.07202425599098,0,18,0.018391641730583313,-6.6347295840581255,0.25,1482.64,4,67.512
2671,85.95388689637184,0,18,0.037529622935784976,-6.611180888281928,0.25,1483.15,4,67.288
2672,86.15979969501495,0,18,0.01219365821179963,-6.608165608512031,0.25,1483.58,4,64.712
2673,86.22087755799294,0,18,0.04511364122511926,-6.61437021361457,0.25,1484.17,4,66.159
2674,86.01845806837082,0,18,0.023114739976992697,-6.612939437230428,0.25,1484.79,4,65.694
2675,86.22303640842438,0,18,0.028384385712393448,-6.627823379304674,0.25,1485.43,4,65.978
2676,86.06584364175797,0,18,0.031232180612177116,-6.61933966477712,0.25,1485.98,4,67.887
2677,86.29534995555878,0,18,0.049210912437855664,-6.625043908754985,0.25,1486.55,4,66.725
2678,86.17568075656891,0,18,0.007363272854490788,-6.597069488631354,0.25,1487.09,4,66.171
2679,86.1629208624363,0,18,0.06838076881770878,-6.5994787613550825,0.25,1487.61,4,66.755
2680,86.25571942329407,0,18,0.01781715884751773,-6.6231197118759155,0.25,1488.14,4,66.562
2681,86.11613464355469,0,18,0.03508343660885455,-6.615638004408942,0.25,1488.67,4,67.42
2682,86.26239535212517,0,18,0.03700679588594843,-6.625208669238621,0.25,1489.23,4,66.558
2683,86.08594986796379,0,18,0.04074339742864039,-6.6189262469609575,0.25,1489.78,4,66.753
2684,86.03817382454872,0,18,0.015562775812213658,-6.61306533548567,0.25,1490.45,4,66.263
2685,86.27904117107391,0,18,0.04503632979503891,-6.621104107962714,0.25,1491.12,4,67.392
2686,86.08936423063278,0,18,0.07198989978638161,-6.612335880597432,0.25,1491.78,4,67.152
2687,86.14634031057358,0,18,0.009727486967878778,-6.62475389904446,0.25,1492.27,4,66.466
2688,86.17368757724762,0,18,0.043480462627384336,-6.623650352160136,0.25,1492.73,4,66.189
2689,85.97500956058502,0,18,0.020694509408308984,-6.612776729795668,0.25,1493.16,4,65.331
2690,86.21228379011154,0,18,0.01118719976067142,-6.603198528289795,0.25,1493.63,4,66.326
2691,86.2652844786644,0,18,0.05996863565805041,-6.597365352842543,0.25,1494.22,4,66.817
2692,86.08922965824604,0,18,0.07719205927605799,-6.6219681236479015,0.25,1494.74,4,67.452
2693,86.08959010243416,0,18,0.01901565354930628,-6.624737580617269,0.25,1495.35,4,66.214
2694,86.15009647607803,0,18,0.03171561348254828,-6.619935181405809,0.25,1495.94,4,65.628
2695,86.29723799228668,0,18,0.07020940054088795,-6.593579504224989,0.25,1496.49,4,65.144
2696,86.24436289072037,0,18,0.028317984617185883,-6.6156159904268055,0.25,1497.07,4,65.498
2697,86.21875143051147,0,18,0.0023487141817592296,-6.630194558037652,0.25,1497.6,4,66.271
2698,86.1986740976572,0,18,0.017465940646919382,-6.6138314670986595,0.25,1498.28,4,65.462
2699,85.93561616539955,0,18,0.0019053705024008297,-6.598679860432942,0.25,1498.98,4,67.26
2700,86.14488559961319,0,18,0.04791386867509573,-6.605988661448161,0.25,1499.48,4,66.447
2701,86.24274668097496,0,18,0.025062379300632327,-6.6197442346149025,0.25,1500.07,4,67.521
2702,86.22874188423157,0,18,0.01387735441514653,-6.615547325876024,0.25,1500.67,4,65.225
2703,86.2052888572216,0,18,0.018771097837897186,-6.622542646196154,0.25,1501.2,4,65.753
2704,86.21133431792259,0,18,0.04854456837135027,-6.59917073779636,0.25,1501.77,4,66.912
2705,86.29075920581818,0,18,0.0665829757782477,-6.620939493179321,0.25,1502.26,4,65.847
2706,86.09386131167412,0,18,0.03938075941550778,-6.6158067385355634,0.25,1502.88,4,65.781
2707,86.06235599517822,0,18,0.01816295626809329,-6.610177079836528,0.25,1503.48,4,66.606
2708,85.77818673849106,0,18,0.04445625455254129,-6.635096258587307,0.25,1504.02,4,65.228
2709,86.77147895097733,0,19,0.044513695206124755,-6.596007347106934,0.25,1504.58,4,65.626
2710,85.85874527692795,0,18,0.031178945098064206,-6.623819536632961,0.25,1505.11,4,66.076
2711,86.79616424441338,0,19,0.03853739810308556,-6.61639630304624,0.25,1505.74,4,65.742
2712,86.54909075796604,0,19,0.02119276196754072,-6.60871930318336,0.25,1506.42,4,67.179
2713,85.95536491274834,0,18,0.03970396875628365,-6.604051603211297,0.25,1507.08,4,65.111
2714,86.69982884824276,0,19,0.027630563358162698,-6.59692828295982,0.25,1507.61,4,65.618
2715,86.119010835886,0,18,0.021007789832512773,-6.611382510926989,0.25,1508.14,4,65.707
2716,85.87793605029583,0,18,0.031207114078521652,-6.622800694571601,0.25,1508.63,4,66.661
2717,86.3925020545721,0,19,0.02708417724372264,-6.617941137862532,0.25,1509.15,4,65.879
2718,86.21808987855911,0,18,0.02748145552762556,-6.616251124276055,0.25,1509.67,4,65.973
2719,85.92444272339344,0,18,0.03425177777312961,-6.610404133796692,0.25,1510.15,4,66.56
2720,86.17507401108742,0,18,0.03436168701248082,-6.630011121431987,0.25,1510.6,4,65.942
2721,86.14455151557922,0,18,0.009062895071717017,-6.610967887772454,0.25,1511.12,4,66.356
2722,86.10056829452515,0,18,0.03605723257543206,-6.601862947146098,0.25,1511.53,4,66.053
2723,86.19521090388298,0,18,0.017062967437595944,-6.626850320233239,0.25,1511.97,4,66.459
2724,85.93398104608059,0,18,0.025598605990328198,-6.623533076710171,0.25,1512.47,4,65.783
2725,85.94492380321026,0,18,0.009947163512404385,-6.617137518193987,0.25,1512.96,4,65.84
2726,86.10196208953857,0,18,0.022649248547319683,-6.637836774190267,0.25,1513.47,4,66.119
2727,86.19743230938911,0,18,0.03983423911939907,-6.599630037943522,0.25,1513.87,4,65.086
2728,86.19193583726883,0,18,0.021633124111556552,-6.610556529627906,0.25,1514.3,4,66.011
2729,86.1886892914772,0,18,0.009336207861199201,-6.6348093549410505,0.25,1514.86,4,68.254
2730,86.30713474750519,0,18,0.028763278552054947,-6.636559930112627,0.25,1515.39,4,66.412
2731,86.1003296226263,0,18,0.0683207135992537,-6.602354844411214,0.25,1515.97,4,65.349
2732,86.07442754507065,0,18,0.009487419179802399,-6.612300892670949,0.25,1516.62,4,65.213
2733,86.21542370319366,0,18,0.027603149305175774,-6.636865258216858,0.25,1517.18,4,64.459
2734,85.99118913710117,0,18,0.03893858793859787,-6.608909434742397,0.25,1517.73,4,66.16
2735,86.21286526322365,0,18,0.031102077408276172,-6.605217152171665,0.25,1518.31,4,65.277
2736,86.03452591598034,0,18,0.011119457356269576,-6.592467228571574,0.25,1518.92,4,65.669
2737,86.18990635871887,0,18,0.03287659149676377,-6.622173898749882,0.25,1519.4,4,64.115
2738,86.21840959787369,0,18,0.00047442809803518077,-6.60847086376614,0.25,1519.9,4,64.703
2739,86.27750086784363,0,18,0.07559588758845671,-6.61662925614251,0.25,1520.56,4,67.513
2740,86.11593678593636,0,18,0.03720422732739179,-6.610080255402459,0.25,1521.21,4,66.925
2741,86.31074678897858,0,18,0.02192610345537105,-6.620857642756568,0.25,1521.81,4,66.89
2742,86.28430497646332,0,18,0.03681768978574635,-6.619791004392836,0.25,1522.49,4,66.024
2743,86.23577904701233,0,18,0.0160291549493397,-6.607254862785339,0.25,1523.0,4,66.518
2744,86.27994149923325,0,18,0.022509375159137965,-6.592671652634938,0.25,1523.59,4,65.551
2745,86.27879530191422,0,18,0.06580988913366229,-6.599980956978268,0.25,1524.6,4,66.454
2746,85.99396279454231,0,18,0.05847405202722358,-6.602590441703796,0.25,1525.4,4,66.349
2747,85.93308934569359,0,18,0.05329628558208949,-6.619236277209388,0.25,1526.07,4,65.85
2748,86.18702572584152,0,18,0.015618746839209052,-6.59591668844223,0.25,1526.76,4,66.587
2749,86.15330645442009,0,18,0.0012015371958113974,-6.621665921476152,0.25,1527.4,4,66.157
2750,86.1995480954647,0,18,0.028400190045229264,-6.599916789266798,0.25,1528.06,4,66.285
2751,86.05762633681297,0,18,0.031793213907399656,-6.621880922052595,0.25,1528.69,4,65.218
2752,86.14578285813332,0,18,0.02794265995726164,-6.595747742387983,0.25,1529.65,4,65.266
2753,86.10384753346443,0,18,0.04934169868349474,-6.617021514309777,0.25,1530.3,4,65.854
2754,86.03525078296661,0,18,0.056368795165629614,-6.614856282869975,0.25,1530.97,4,65.883
2755,86.2410177886486,0,18,0.01571509778528303,-6.617313120100233,0.25,1531.72,4,66.844
2756,86.27831745147705,0,18,0.041662527623581504,-6.587001469400194,0.25,1532.38,4,65.544
2757,86.17630732059479,0,18,0.019451110717353812,-6.583768592940436,0.25,1533.02,4,66.921
2758,85.95385500788689,0,18,0.029642280177186977,-6.600834634568956,0.25,1533.5,4,66.806
2759,86.15023395419121,0,18,0.025608506142715568,-6.640305002530416,0.25,1534.1,4,67.473
2760,85.98008188605309,0,18,0.010385936697528249,-6.610416730244954,0.25,1534.75,4,65.535
2761,86.07016342878342,0,18,0.009403721002450361,-6.627155025800069,0.25,1535.33,4,65.556
2762,86.73721200227737,0,19,0.05873894344294469,-6.621032466627147,0.25,1535.93,4,65.699
2763,86.18781486153603,0,18,0.018237954351661756,-6.6200416750378075,0.25,1536.44,4,65.438
2764,86.23313674330711,0,18,0.0160105573504552,-6.600076966815525,0.25,1536.92,4,65.848
2765,86.2732959985733,0,18,0.006094178593583719,-6.635744531949361,0.25,1537.41,4,65.354
2766,86.09938797354698,0,18,0.03568357652243827,-6.610470732053121,0.25,1537.97,4,67.097
2767,86.26848602294922,0,18,0.011761346178142654,-6.6100481616126165,0.25,1538.52,4,65.896
2768,85.93509650230408,0,18,0.027143741445797787,-6.608112308714125,0.25,1539.09,4,66.065
2769,86.17513766884804,0,18,0.03969559430157056,-6.606929077042474,0.25,1539.63,4,65.124
2770,86.21045103669167,0,18,0.03292650244940079,-6.631402320331997,0.25,1540.15,4,65.637
2771,86.20647236704826,0,18,0.023200086095180775,-6.622239020135668,0.25,1540.81,4,66.502
2772,86.12654691934586,0,18,0.08245951187665115,-6.5914890501234265,0.25,1541.38,4,65.874
2773,86.19457611441612,0,18,0.04375045056733345,-6.609047717518276,0.25,1541.96,4,66.037
2774,86.21709388494492,0,18,0.02898483555034343,-6.628254055976868,0.25,1542.47,4,65.215
2775,85.97511160373688,0,18,0.02598105477368841,-6.613348417811924,0.25,1543.08,4,65.141
2776,86.09996846318245,0,18,0.02160364825461632,-6.614174644152324,0.25,1543.66,4,65.661
2777,86.21660995483398,0,18,0.009258837909328577,-6.601352532704671,0.25,1544.38,4,65.753
2778,85.9695857167244,0,18,0.022087152918680256,-6.61899733543396,0.25,1545.01,4,64.927
2779,86.03361156582832,0,18,0.024624534261369665,-6.625421007474263,0.25,1545.49,4,67.092
2780,86.19613990187645,0,18,0.018650529499609547,-6.600221898820665,0.25,1545.93,4,66.94
2781,85.98362001776695,0,18,0.015222253612844523,-6.603032257821825,0.25,1546.6,4,65.797
2782,86.01489141583443,0,18,0.002543937791971176,-6.603410296969944,0.25,1547.19,4,66.207
2783,86.09040907025337,0,18,0.0004386765175594418,-6.599396573172675,0.25,1547.84,4,66.511
2784,86.04661375284195,0,18,0.03867917786611644,-6.620784786012438,0.25,1548.51,4,66.341
2785,86.78619349002838,0,19,0.023273412143306853,-6.629840223756555,0.25,1549.14,4,65.444
2786,85.74540492892265,0,18,0.029205790438481927,-6.603364547093709,0.25,1549.79,4,65.293
2787,85.74587382376194,0,18,0.030460330759372784,-6.611275123225318,0.25,1550.51,4,65.995
2788,86.73020327091217,0,19,0.017130618488570764,-6.604414854964165,0.25,1551.15,4,66.641
2789,86.6057026386261,0,19,0.01984956659172695,-6.616284664363077,0.25,1551.78,4,67.056
2790,86.56213396787643,0,19,0.03296258083898702,-6.598020677697169,0.25,1552.39,4,65.926
2791,86.61833932995796,0,19,0.022582932546306625,-6.6119813853747225,0.25,1553.04,4,67.27
2792,86.42800077795982,0,19,0.019492033866436654,-6.639397588494706,0.25,1553.55,4,65.201
2793,85.88504260778427,0,18,0.0431502178327921,-6.590429557694329,0.25,1554.08,4,66.37
2794,86.46275845170021,0,19,0.016054825540727694,-6.621708027304035,0.25,1554.63,4,65.445
2795,86.53032684326172,0,19,0.021576877805298315,-6.641884535959322,0.25,1555.2,4,65.452
2796,85.97962838411331,0,18,0.017667601575996943,-6.630044910642836,0.25,1555.85,4,65.932
2797,85.77482195198536,0,18,0.0015310833545198774,-6.611600385771857,0.25,1556.43,4,66.217
2798,85.95555508136749,0,18,0.017855956260771362,-6.598956598175897,0.25,1557.03,4,65.037
2799,85.99949079751968,0,18,0.020482263119447452,-6.625842412312825,0.25,1557.6,4,66.185
2800,85.92427572607994,0,18,0.03832601980330866,-6.620646754900615,0.25,1558.22,4,65.823
2801,86.31398725509644,0,18,0.042389392081632754,-6.601274477110969,0.25,1559.01,4,66.132
2802,85.9943231344223,0,18,0.05431209493912724,-6.594551629490322,0.25,1559.73,4,66.916
2803,86.20929878950119,0,18,0.032240642638700794,-6.6028545829984875,0.25,1560.29,4,66.753
2804,86.24822703003883,0,18,0.008406522606946965,-6.633773353364733,0.25,1560.76,4,66.255
2805,86.30015128850937,0,18,0.07117201444730704,-6.590838551521301,0.25,1561.22,4,66.73
2806,86.1507266163826,0,18,0.0484660932817557,-6.613825612597996,0.25,1561.7,4,65.953
2807,86.06474044919014,0,18,0.03011682488482216,-6.596190399593777,0.25,1562.19,4,65.725
2808,86.131646245718,0,18,0.03861721340308577,-6.628384259012011,0.25,1562.75,4,65.766
2809,85.99251434206963,0,18,0.013835667318542418,-6.602176361613804,0.25,1563.27,4,66.685
2810,86.12539079785347,0,18,0.006941476764243109,-6.598356895976597,0.25,1563.65,4,66.266
2811,86.14879912137985,0,18,0.020292697943255514,-6.590910447968377,0.25,1564.24,4,65.987
2812,86.1072474271059,0,18,0.02538623199497023,-6.604777587784661,0.25,1564.83,4,65.063
2813,86.07388493418694,0,18,0.033592580873270585,-6.616670661502415,0.25,1565.45,4,66.183
2814,85.94219818711281,0,18,0.011387512598402181,-6.618085887697008,0.25,1566.1,4,66.393
2815,86.23356032371521,0,18,0.042741349086453634,-6.602563222249349,0.25,1566.82,4,66.756
2816,86.13072827458382,0,18,0.07215551594092379,-6.628501428498162,0.25,1567.37,4,66.58
2817,85.8600525856018,0,18,0.039261247977568324,-6.610017749998304,0.25,1567.95,4,66.231
2818,86.2101791203022,0,18,0.013874453826146136,-6.607121811972724,0.25,1568.59,4,66.265
2819,86.13256187736988,0,18,0.033777360126502266,-6.601967016855876,0.25,1569.31,4,66.388
2820,86.11130475997925,0,18,0.01878703758959293,-6.606617278522915,0.25,1569.93,4,66.69
2821,86.18069675564766,0,18,0.026769451883359982,-6.6044815381368,0.25,1570.41,4,65.861
2822,86.30962657928467,0,18,0.023238682235640025,-6.5990223619672985,0.25,1571.03,4,65.987
2823,86.20471715927124,0,18,0.03890372705725693,-6.6191302802827625,0.25,1571.65,4,66.861
2824,86.06082804501057,0,18,0.01032204301863102,-6.621978614065382,0.25,1572.3,4,66.188
2825,85.987767085433,0,18,0.027998923659854173,-6.607737077607049,0.25,1572.88,4,66.173
2826,86.12696743011475,0,18,0.013137590585958807,-6.621743559837341,0.25,1573.49,4,66.671
2827,86.17488768696785,0,18,0.014338655942184333,-6.605689777268304,0.25,1574.07,4,66.588
2828,86.23155841231346,0,18,0.06106761837918384,-6.611041294203864,0.25,1574.73,4,66.042
2829,86.29286473989487,0,18,0.05926046337829879,-6.62298063437144,0.25,1575.3,4,64.995
2830,86.16116100549698,0,18,0.033885226567084224,-6.637081609831916,0.25,1575.92,4,66.247
2831,86.14444500207901,0,18,0.013678288230898438,-6.619911776648627,0.25,1576.58,4,66.127
2832,86.10061031579971,0,18,0.04013736370315099,-6.613262984487745,0.25,1577.16,4,65.236
2833,86.29569345712662,0,18,0.024970929032962077,-6.596539735794067,0.25,1577.81,4,66.992
2834,86.17892614006996,0,18,0.05371991618964481,-6.608184629016453,0.25,1578.37,4,66.103
2835,86.09930038452148,0,18,0.035599811395715934,-6.606050199932522,0.25,1578.96,4,65.104
2836,86.10092359781265,0,18,0.01677723962115528,-6.61606306499905,0.25,1579.63,4,66.796
2837,86.22197857499123,0,18,0.03762306422403425,-6.596043719185723,0.25,1580.33,4,64.739
2838,86.20986047387123,0,18,0.011772517984253581,-6.626470618777805,0.25,1580.88,4,66.664
2839,86.03209954500198,0,18,0.023311918214151066,-6.613713767793444,0.25,1581.4,4,67.227
2840,86.04924023151398,0,18,0.03088056187647857,-6.617559724383884,0.25,1581.93,4,65.785
2841,86.81045380234718,0,19,0.026020891547862086,-6.617744772401575,0.25,1582.57,4,66.015
2842,86.06019458174706,0,18,0.020522997959536344,-6.58833822939131,0.25,1583.12,4,67.526
2843,86.07626156508923,0,18,0.028259535221372464,-6.607575350337559,0.25,1583.64,4,65.172
2844,85.93957948684692,0,18,0.0246228508510487,-6.62828282515208,0.25,1584.22,4,66.534
2845,85.93050998449326,0,18,0.04408667925579519,-6.60709626144833,0.25,1584.88,4,65.957
2846,85.93975049257278,0,18,0.03742259050199613,-6.589890480041504,0.25,1585.48,4,65.948
2847,86.15759336948395,0,18,0.028650543658891872,-6.619326538509792,0.25,1586.06,4,67.049
2848,85.8586774468422,0,18,0.01526383547110931,-6.624493426746792,0.25,1586.63,4,66.102
2849,85.97491452097893,0,18,0.02833816272717134,-6.611449321111043,0.25,1587.19,4,65.683
2850,86.10227271914482,0,18,0.014277674271700866,-6.619493239455753,0.25,1587.83,4,65.493
2851,86.05772596597672,0,18,0.025520196286480414,-6.612107753753662,0.25,1588.39,4,66.215
2852,86.25110673904419,0,18,0.03211702207045164,-6.611006213559045,0.25,1588.9,4,66.645
2853,86.05693563818932,0,18,0.020270929672127142,-6.627969741821289,0.25,1589.41,4,66.811
2854,85.91693088412285,0,18,0.013991943479797757,-6.605135805077023,0.25,1589.98,4,65.237
2855,86.91119980812073,0,19,0.011316882531925691,-6.623721586514826,0.25,1590.61,4,66.061
2856,86.60777427256107,0,19,0.0320559783588217,-6.60776707244246,0.25,1591.22,4,65.804
2857,86.1260475218296,0,18,0.05363945163490927,-6.599651528729333,0.25,1591.83,4,64.511
2858,86.22358015179634,0,18,0.04107860896248086,-6.617864886919658,0.25,1592.38,4,66.647
2859,86.1857912838459,0,18,0.0206181907482864,-6.608776264720493,0.25,1592.92,4,65.468
2860,85.99480015039444,0,18,0.0045232824406614075,-6.605148083633846,0.25,1593.52,4,66.517
2861,86.20656305551529,0,18,0.01808973454889282,-6.61119489537345,0.25,1594.11,4,65.974
2862,86.09596824645996,0,18,0.012258452611452716,-6.605242927869161,0.25,1594.76,4,65.628
2863,86.75134667754173,0,19,0.015790474372146465,-6.639206455178456,0.25,1595.45,4,66.5
2864,86.02914264798164,0,18,0.02157092685153354,-6.593588749567668,0.25,1595.99,4,66.945
2865,86.13173559308052,0,18,0.010564770193013828,-6.633422507180108,0.25,1596.54,4,65.607
2866,86.31397646665573,0,18,0.05021003316051065,-6.610197212960985,0.25,1597.04,4,64.162
2867,85.95011150836945,0,18,0.01887185031460427,-6.6276152398851185,0.25,1597.67,4,64.714
2868,86.10060986876488,0,18,0.003622967254159448,-6.60937484105428,0.25,1598.16,4,65.392
2869,86.08081562817097,0,18,0.015112884590709856,-6.613064063919915,0.25,1598.7,4,66.479
2870,86.26901745796204,0,18,0.04598735013471216,-6.617186864217122,0.25,1599.2,4,65.546
2871,86.63973492383957,0,19,0.01493960693880257,-6.608513022122318,0.25,1599.79,4,65.801
2872,86.16879951953888,0,18,0.018547617044684255,-6.616963651445177,0.25,1600.3,4,66.941
2873,85.9398522078991,0,18,0.012018423471797886,-6.609922687212626,0.25,1600.91,4,66.319
2874,86.61700555682182,0,19,0.010253696367776496,-6.637376863662511,0.25,1601.54,4,66.423
2875,85.93313759565353,0,18,0.0560607541138375,-6.60435934861501,0.25,1602.05,4,66.236
2876,86.24229273200035,0,18,0.019556454431040038,-6.628368841277228,0.25,1602.59,4,65.736
2877,86.18461126089096,0,18,0.026102718514771875,-6.615748696857029,0.25,1603.22,4,66.008
2878,86.18770843744278,0,18,0.0194232568364896,-6.607833796077305,0.25,1603.84,4,64.819
2879,85.97998559474945,0,18,0.04569303012410981,-6.585386726591322,0.25,1604.43,4,66.113
2880,85.94703662395477,0,18,0.023545567060914943,-6.602888001335992,0.25,1605.19,4,66.167
2881,85.70506003499031,0,18,0.032365466835370976,-6.601408984926012,0.25,1605.77,4,64.86
2882,85.82041063904762,0,18,0.024935037658704258,-6.627089129553901,0.25,1606.39,4,66.599
2883,85.954260379076,0,18,0.024576087103317452,-6.623719586266412,0.25,1607.02,4,66.007
2884,86.01118578016758,0,18,0.028231571557322848,-6.609201100137499,0.25,1607.61,4,65.946
2885,86.25111782550812,0,18,0.018450665651673463,-6.610080030229357,0.25,1608.26,4,66.149
2886,85.80564923584461,0,18,0.001560660761444726,-6.607536554336548,0.25,1608.94,4,65.597
2887,86.20425215363503,0,18,0.04953121524941809,-6.602643224928114,0.25,1609.56,4,66.092
2888,86.1724225282669,0,18,0.016346411875727225,-6.597244381904602,0.25,1610.2,4,64.484
2889,86.12110956013203,0,18,0.024540008303928416,-6.64067640569475,0.25,1610.73,4,67.514
2890,86.24760591983795,0,18,0.0012477798512312195,-6.61793687608507,0.25,1611.35,4,67.331
2891,86.19239348173141,0,18,0.03782135637862262,-6.612324529223972,0.25,1612.04,4,66.461
2892,86.1668119430542,0,18,0.049603950471464486,-6.626542978816563,0.25,1612.6,4,65.543
2893,86.24523997306824,0,18,0.03838477126666678,-6.618748108545939,0.25,1613.17,4,65.442
2894,86.03704306483269,0,18,0.021577898529055044,-6.622924155659145,0.25,1613.73,4,67.172
2895,86.06817927956581,0,18,0.013531223618984869,-6.606951700316535,0.25,1614.28,4,67.284
2896,85.93437376618385,0,18,0.0410968957058281,-6.606541487905714,0.25,1614.92,4,64.66
2897,86.71437081694603,0,19,0.0013485076101771908,-6.625486413093462,0.25,1615.57,4,65.248
2898,86.84654080867767,0,19,0.005527051790884125,-6.626475190463132,0.25,1616.13,4,66.596
2899,86.07728382945061,0,19,0.041042324486874324,-6.627126870090014,0.25,1616.64,4,65.07
2900,86.43892760574818,0,19,0.01443514420908606,-6.616918054786888,0.25,1617.13,4,65.694
2901,86.01214104890823,0,19,0.030891391120560798,-6.64096382872699,0.25,1617.73,4,65.929
2902,85.81551593542099,0,19,0.028721729650784903,-6.6211586390456105,0.25,1618.26,4,65.723
2903,86.44744825363159,0,19,0.01156502255950839,-6.616914487864873,0.25,1618.87,4,67.772
2904,86.60435384511948,0,19,0.04431915660864655,-6.600343510911271,0.25,1619.48,4,66.65
2905,85.84781822562218,0,20,0.0234070898982896,-6.626841519329999,0.25,1620.08,4,67.362
2906,85.53523801267147,0,21,0.04243356784019852,-6.617424697875976,0.25,1620.74,4,66.99
2907,86.41831943392754,0,21,0.038901912456870046,-6.617847605755455,0.25,1621.4,4,65.877
2908,86.36058451235294,0,21,0.019068457632736107,-6.617582321166992,0.25,1622.13,4,65.459
2909,85.60096994042397,0,21,0.03338948943899595,-6.620138422648112,0.25,1622.84,4,65.872
2910,85.56741309165955,0,20,0.059282869013455836,-6.6219937221424,0.25,1623.46,4,65.747
2911,85.6000342965126,0,21,0.03652866539671474,-6.6157650375366215,0.25,1624.15,4,66.487
2912,86.48812517523766,0,21,0.013717207053655568,-6.614800528476112,0.25,1624.71,4,67.08
2913,85.60872529447079,0,25,0.022452349881192116,-6.606209996380383,0.25,1625.25,4,66.369
2914,82.90053359977901,0,98,0.01658114686645269,-6.597286450235467,0.25,1626.57,4,67.818
2915,86.00640434026718,0,21,0.010474956785231674,-6.59529499689738,0.25,1627.15,4,64.435
2916,85.94595015048981,0,21,0.03598279991366629,-6.601296278635661,0.25,1627.67,4,66.979
2917,85.83288097381592,0,19,0.000653988544935638,-6.599460497294387,0.25,1628.25,4,66.247
2918,86.05507415533066,0,19,0.06088981191067133,-6.595060596727345,0.25,1628.75,4,66.181
2919,86.3575549274683,0,20,0.009616227705722652,-6.613592212264602,0.25,1629.32,4,65.904
2920,85.80460005998611,0,19,0.01301818536485869,-6.6161421423089015,0.25,1629.87,4,65.607
2921,86.56966304779053,0,20,0.017817869339106018,-6.625076190845387,0.25,1630.48,4,66.866
2922,85.88022470474243,0,20,0.008106794833332282,-6.594201738769944,0.25,1631.01,4,64.519
2923,86.99511756002903,0,20,0.03977677500695184,-6.608847166697184,0.25,1631.6,4,65.633
2924,86.08525305986404,0,19,0.02374969295198927,-6.593614904847864,0.25,1632.3,4,65.269
2925,85.84869992733002,0,19,0.013272758157218548,-6.612180252597756,0.25,1632.96,4,64.6
2926,86.39241850376129,0,19,0.016350010886925115,-6.6120101393085635,0.25,1633.7,4,66.42
2927,86.1908672451973,0,19,0.001633285560510807,-6.64367430830655,0.25,1634.44,4,65.488
2928,86.09478035569191,0,19,0.022676148204133315,-6.586357247339536,0.25,1635.2,4,66.695
2929,86.02823761105537,0,19,0.0299380424211985,-6.580201135922785,0.25,1635.96,4,66.556
2930,85.82404401898384,0,20,0.057751277642367045,-6.6124599431012125,0.25,1636.74,4,66.437
2931,86.28421945869923,0,20,0.019906689573059945,-6.60143191019694,0.25,1637.43,4,65.84
2932,85.51586762070656,0,20,0.01487685774092726,-6.593787476823136,0.25,1638.12,4,65.75
2933,86.19096802175045,0,21,0.04039195343483395,-6.593687985738119,0.25,1638.89,4,64.991
2934,85.89184904098511,0,21,0.041387812355145194,-6.600093638102214,0.25,1639.58,4,66.606
2935,86.10559234023094,0,20,0.03294855780045878,-6.607327590117583,0.25,1640.29,4,64.376
2936,85.58423760533333,0,20,0.02822818137025712,-6.607617352459882,0.25,1640.89,4,66.556
2937,87.25107881426811,0,20,0.09257267248768282,-6.598036855061849,0.25,1641.48,4,65.074
2938,85.47898901998997,0,21,0.03399254279308176,-6.607399247487386,0.25,1642.06,4,66.562
2939,86.74810126423836,0,20,0.04622581224985707,-6.6106036547068,0.25,1642.67,4,66.206
2940,86.531658411026,0,20,0.01189101717893602,-6.593302005046123,0.25,1643.33,4,65.345
2941,85.80048605799675,0,19,0.01318531370803886,-6.590344736020859,0.25,1644.06,4,66.377
2942,85.89827138185501,0,21,0.03737241906482571,-6.606261475880941,0.25,1644.87,4,66.594
2943,86.83424052596092,0,20,0.014177302421238573,-6.606141715436368,0.25,1645.53,4,66.568
2944,86.79194681346416,0,20,0.011481218603335406,-6.619611347043836,0.25,1646.14,4,66.354
2945,86.67525908350945,0,20,0.037349999551667214,-6.584024126465256,0.25,1646.82,4,66.468
2946,85.79947578907013,0,20,0.0311226535289992,-6.5958253628498795,0.25,1647.45,4,66.422
2947,86.00200960040092,0,20,0.014145734741759952,-6.602764529150885,0.25,1648.06,4,64.119
2948,86.25188833475113,0,18,0.011088984683687563,-6.607902434137133,0.25,1648.72,4,66.884
2949,86.24576473236084,0,18,0.012023220691339197,-6.599333114094204,0.25,1649.3,4,66.183
2950,85.94117610156536,0,18,0.012535837080779148,-6.588314890861511,0.25,1649.88,4,66.068
2951,86.0688153654337,0,18,0.024251987233937043,-6.5941011508305865,0.25,1650.61,4,65.59
2952,86.26160910725594,0,18,0.019624043597408065,-6.619072914123535,0.25,1651.19,4,66.695
2953,86.17571967840195,0,18,0.039869384968975886,-6.609353542327881,0.25,1651.81,4,67.117
2954,85.97907455265522,0,18,0.02501001497269802,-6.589739878972371,0.25,1652.32,4,66.577
2955,86.09910672903061,0,18,0.014786546184344237,-6.591200941138798,0.25,1652.86,4,65.845
2956,86.79926192760468,0,19,0.029146868008255084,-6.583885173275046,0.25,1653.48,4,66.357
2957,86.06982618570328,0,18,0.025085135658527078,-6.591651532385084,0.25,1654.05,4,66.689
2958,86.0557374805212,0,18,0.030786392777523968,-6.612685879071553,0.25,1654.7,4,65.687
2959,86.03624422848225,0,18,0.01978890711042267,-6.591030266549852,0.25,1655.29,4,65.628
2960,86.12639635801315,0,18,0.009517736654844258,-6.608654922909206,0.25,1655.79,4,65.124
2961,86.27392655611038,0,18,0.0016550145770300635,-6.611426777309841,0.25,1656.55,4,65.412
2962,86.20532470941544,0,18,0.012538629924569654,-6.583183474010891,0.25,1657.07,4,64.873
2963,85.86037996411324,0,18,0.03147360762063221,-6.603123532401191,0.25,1657.6,4,66.97
2964,85.86900162696838,0,18,0.010967575043246648,-6.61461407608456,0.25,1658.15,4,65.705
2965,86.31358128786087,0,18,0.00938052830653962,-6.593119661013286,0.25,1658.76,4,66.743
2966,86.09365114569664,0,18,0.055940556953121105,-6.593222207493252,0.25,1659.31,4,66.92
2967,85.98360508680344,0,18,0.0197602697287746,-6.60276034143236,0.25,1659.93,4,66.257
2968,86.12856829166412,0,18,0.041859039346288936,-6.592599550882976,0.25,1660.45,4,65.923
2969,86.01480862498283,0,18,0.02477520037084307,-6.609072075949775,0.25,1661.05,4,65.498
2970,86.23210352659225,0,18,0.02233340320132508,-6.621593700514899,0.25,1661.68,4,67.167
2971,85.93492943048477,0,18,0.04029931977685111,-6.615022195710076,0.25,1662.33,4,65.069
2972,86.1376604437828,0,18,0.01576913460626707,-6.5995849635865955,0.25,1662.97,4,65.193
2973,86.09205055236816,0,18,0.0012137112560897851,-6.599824865659078,0.25,1663.61,4,65.08
2974,86.17989461123943,0,18,0.023580326680227397,-6.603288372357686,0.25,1664.28,4,66.751
2975,86.13391448557377,0,18,0.026679981629968097,-6.593181742562188,0.25,1665.04,4,67.241
2976,86.19601148366928,0,18,0.0015309909515761116,-6.596489045355055,0.25,1665.77,4,65.883
2977,85.89686992764473,0,18,0.031969351356262145,-6.606902374161614,0.25,1666.37,4,67.176
2978,86.0624132156372,0,18,0.02346725813014119,-6.60851972632938,0.25,1667.06,4,65.92
2979,86.233129799366,0,18,0.016991933677091866,-6.600593368212382,0.25,1667.8,4,66.286
2980,86.18728226423264,0,18,0.0014314839898664407,-6.60804710123274,0.25,1668.61,4,65.948
2981,86.19760766625404,0,18,0.02429556580212496,-6.601109902064006,0.25,1669.31,4,64.63
2982,86.07831346988678,0,18,0.011001914104528825,-6.610478705830044,0.25,1669.94,4,65.374
2983,85.88545569777489,0,18,0.0002991081446452881,-6.633479118347168,0.25,1670.6,4,66.489
2984,86.12521409988403,0,18,0.05995674250526564,-6.612443062994215,0.25,1671.23,4,64.856
2985,85.93445855379105,0,18,0.01490793566957412,-6.579895615577698,0.25,1671.93,4,65.742
2986,86.11200588941574,0,18,0.015065086558858335,-6.60394455326928,0.25,1672.65,4,66.215
2987,86.10133492946625,0,18,0.03128765242682777,-6.605684280395508,0.25,1673.31,4,65.657
2988,86.00264275074005,0,18,0.047049083093851446,-6.598814500702752,0.25,1673.9,4,64.322
2989,85.72467774152756,0,18,0.03137634416442678,-6.604237159093221,0.25,1674.54,4,65.84
2990,86.64704501628876,0,19,0.0013407041014320447,-6.591517552937547,0.25,1675.2,4,65.82
2991,85.98372614383698,0,18,0.02408377742904122,-6.5955309006902905,0.25,1675.82,4,66.1
2992,85.83678479492664,0,18,0.03155588303990145,-6.6135675178633795,0.25,1676.44,4,65.44
2993,86.64493055641651,0,19,0.04232045605061863,-6.595255342248368,0.25,1677.15,4,66.369
2994,86.09603050351143,0,18,0.029437834570318146,-6.615219526820713,0.25,1677.71,4,66.638
2995,85.95387202501297,0,18,0.026429572963125893,-6.619368460443285,0.25,1678.31,4,66.093
2996,85.96451026201248,0,18,0.02045115094789354,-6.596962597635057,0.25,1678.85,4,66.105
2997,85.95539620518684,0,18,0.009634407422203771,-6.615880741013421,0.25,1679.48,4,66.817
2998,86.18804959952831,0,18,0.056000771048072946,-6.607547243436177,0.25,1680.11,4,65.74
2999,86.03579345345497,0,18,0.007157589510269544,-6.602624999152289,0.25,1680.78,4,65.455
3000,86.11920899152756,0,18,0.02940087839963073,-6.60866728093889,0.25,1681.43,4,66.388
